BuildingID,2022,2023,2024,2025,2026,2027,2028,2029,2030,2031,2032,2033,2034,2035,2036,2037,2038,2039,2040,2041,2042,2043,2044,2045,2046,2047,2048,2049,2050,2051,2052,2053,2054,2055,2056,2057,2058,2059,2060,2061,2062,2063,2064,2065,2066,2067,2068,2069,2070
1,0.69,0.69,0.69,0.69,0.69,0.69,0.7,0.7,0.7,0.92,0.92,0.92,0.92,0.92,0.92,0.92,0.92,0.92,0.76,0.76,0.76,0.76,0.76,0.76,0.76,0.76,0.76,0.76,0.76,0.76,0.76,0.76,0.76,0.76,0.76,0.76,0.76,0.76,0.76,0.76,0.76,0.76,0.76,0.76,0.76,0.76,0.76,0.76,0.76
2,0.65,0.65,0.65,0.65,0.65,0.65,0.65,0.65,0.65,0.65,0.65,0.65,0.67,0.67,0.67,0.67,0.67,0.67,0.67,0.87,0.87,0.87,0.87,0.87,0.87,0.87,0.87,0.69,0.69,0.69,0.69,0.69,0.69,0.69,0.69,0.69,0.69,0.69,0.69,0.69,0.69,0.69,0.69,0.69,0.69,0.69,0.69,0.69,0.69
3,0.74,0.74,0.74,0.74,0.74,0.74,0.74,0.74,0.74,0.74,0.74,0.74,0.74,1.0,1.0,1.0,1.0,1.0,1.0,1.0,1.0,1.0,1.0,1.0,1.0,1.0,1.0,1.0,1.0,1.0,1.0,1.0,1.0,1.0,1.0,0.89,0.89,0.89,0.89,0.89,0.89,0.89,0.92,0.92,0.92,0.92,0.92,0.92,0.92
4,0.8,0.8,0.8,0.8,0.8,0.8,0.8,0.8,0.8,0.8,1.12,1.12,1.12,1.13,1.13,1.13,1.13,1.13,1.13,1.13,1.13,1.13,1.13,1.13,1.11,1.11,1.11,1.11,1.11,1.11,1.11,1.11,1.11,1.11,1.11,1.11,1.11,1.11,1.11,1.11,1.11,1.11,1.11,1.11,1.11,1.11,1.11,1.11,1.11
5,0.49,0.49,0.49,0.49,0.49,0.77,0.77,0.77,0.77,0.77,0.77,0.77,0.86,0.86,0.86,0.86,0.86,0.86,0.86,0.86,0.86,0.86,0.86,0.86,0.86,0.86,0.86,0.86,0.86,0.86,0.86,0.86,0.86,0.86,0.89,0.89,0.89,0.89,0.89,0.89,0.89,0.89,0.89,0.89,0.89,0.89,0.89,0.89,0.89
6,0.7,0.7,0.7,0.7,0.7,0.7,0.7,0.7,0.7,0.7,0.7,0.7,0.7,0.7,0.7,0.7,0.7,0.7,0.7,0.7,0.7,0.7,0.54,0.74,0.74,0.74,0.74,0.74,0.74,0.74,0.74,0.74,0.74,0.74,0.74,0.74,0.74,0.74,0.74,0.84,0.84,0.84,0.84,0.84,0.84,0.84,0.84,0.84,0.84
7,0.66,0.66,0.66,0.66,0.66,0.66,0.66,0.66,0.66,0.66,0.66,0.66,0.66,0.66,0.66,0.66,0.66,0.66,0.66,0.66,0.66,0.66,0.48,0.48,0.74,0.74,0.74,0.74,0.74,0.74,0.74,0.74,0.74,0.74,0.74,0.74,0.74,0.74,0.74,0.74,0.74,0.74,0.74,0.74,0.74,0.74,0.74,0.74,0.74
8,0.66,0.66,0.72,0.6,0.6,0.6,0.79,0.79,0.79,0.79,0.79,0.79,0.79,0.79,0.79,0.79,0.79,0.79,0.79,0.79,0.79,0.79,0.79,0.79,0.79,0.79,0.79,0.79,0.79,0.79,0.79,0.79,0.79,0.79,0.79,0.79,0.79,0.79,0.79,0.79,0.79,0.79,0.79,0.79,0.79,0.79,0.79,0.79,0.79
9,0.74,0.74,0.57,0.57,0.57,0.57,0.57,0.57,0.57,0.7,0.7,0.7,0.7,0.7,0.7,0.7,0.7,0.7,0.7,0.7,0.7,0.7,0.7,0.7,0.7,0.7,0.7,0.7,0.7,0.7,0.7,0.7,0.7,0.7,0.7,0.7,0.7,0.7,0.7,0.7,0.7,0.74,0.74,0.74,0.74,0.74,0.74,0.74,0.74
10,0.71,0.71,0.71,0.71,0.54,0.54,0.54,0.54,0.54,0.54,0.54,0.54,0.54,0.54,0.75,0.75,0.75,0.75,0.75,0.75,0.75,0.75,0.75,0.75,0.75,0.75,0.75,0.75,0.75,0.75,0.75,0.75,0.75,0.75,0.75,0.75,0.75,0.75,0.75,0.75,0.75,0.75,0.75,0.83,0.83,0.83,0.83,0.83,0.83
11,0.67,0.67,0.67,0.67,0.67,0.79,0.79,0.79,0.79,0.79,0.79,0.79,0.79,0.79,0.79,0.79,0.79,0.53,0.53,0.53,0.53,0.53,0.53,0.53,0.53,0.53,0.53,0.53,0.53,0.59,0.59,0.59,0.59,0.59,0.59,0.59,0.59,0.59,0.59,0.59,0.59,0.59,0.59,0.59,0.59,0.59,0.59,0.59,0.59
12,0.7,0.7,0.7,0.7,0.7,0.55,0.55,0.55,0.55,0.55,0.55,0.55,0.55,0.55,0.55,0.55,0.55,0.55,0.55,0.72,0.72,0.72,0.74,0.74,0.74,0.74,0.74,0.74,0.74,0.74,0.74,0.74,0.74,0.74,0.74,0.74,0.74,0.74,0.74,0.74,0.74,0.74,0.74,0.74,0.74,0.74,0.74,0.74,0.74
13,0.5,0.5,0.5,0.5,0.5,0.5,0.5,0.5,0.5,0.5,0.5,0.5,0.5,0.5,0.5,0.5,0.5,0.5,0.5,0.5,0.5,0.5,0.5,0.5,0.5,0.5,0.5,0.5,0.68,0.68,0.68,0.77,0.77,0.77,0.77,0.77,0.77,0.77,0.77,0.77,0.77,0.77,0.77,0.77,0.77,0.77,0.77,0.77,0.77
14,0.35,0.35,0.35,0.35,0.35,0.35,0.35,0.35,0.35,0.35,0.35,0.35,0.35,0.35,0.35,0.35,0.47,0.47,0.47,0.47,0.47,0.47,0.47,0.47,0.64,0.64,0.64,0.64,0.64,0.64,0.64,0.64,0.64,0.64,0.64,0.64,0.64,0.64,0.64,0.64,0.64,0.64,0.64,0.64,0.64,0.64,0.64,0.64,0.64
15,0.68,0.68,0.68,0.68,0.68,0.68,0.68,0.92,0.92,0.92,0.92,0.92,0.92,0.92,0.92,0.92,0.92,0.92,0.92,0.92,0.92,0.92,0.92,0.92,0.92,0.92,0.92,0.92,0.92,0.92,0.92,0.92,0.92,0.92,0.92,0.94,0.94,0.94,0.94,0.94,0.94,0.94,0.94,0.94,0.94,0.94,0.94,0.94,0.94
16,0.69,0.69,0.69,0.69,0.69,0.69,0.69,0.69,0.69,0.51,0.51,0.51,0.51,0.51,0.51,0.51,0.51,0.51,0.51,0.51,0.51,0.51,0.51,0.74,0.74,0.74,0.74,0.74,0.74,0.74,0.74,0.74,0.74,0.74,0.74,0.77,0.77,0.77,0.77,0.77,0.77,0.77,0.77,0.77,0.77,0.77,0.77,0.77,0.77
17,0.8,0.8,0.8,0.8,0.8,0.8,0.8,0.82,0.82,0.82,0.82,0.82,0.82,0.82,0.82,0.81,0.81,0.81,0.81,0.81,0.81,0.81,0.81,0.81,0.81,0.81,1.02,1.02,1.02,1.02,1.02,1.02,1.02,1.02,1.02,1.02,1.02,1.02,1.02,1.02,1.02,1.02,1.02,1.02,1.02,1.02,1.02,1.02,1.02
18,0.73,0.74,0.74,0.74,0.74,0.74,0.74,0.74,0.74,0.74,0.74,0.74,0.74,0.74,0.74,0.74,0.74,0.74,0.74,0.74,0.74,0.74,0.74,0.74,0.74,0.74,0.74,0.74,0.74,0.74,0.74,0.74,0.74,0.74,0.74,0.74,0.59,0.59,0.59,0.59,0.59,0.59,0.59,0.59,0.59,0.59,0.59,0.59,0.59
19,0.67,0.67,0.9,0.9,0.9,0.9,0.9,0.9,0.9,0.9,0.93,0.93,0.93,0.93,0.93,0.93,0.93,0.93,0.93,0.84,0.84,0.84,0.84,0.84,0.84,0.84,0.84,0.84,0.84,0.84,0.84,0.84,0.84,0.84,0.84,0.84,0.84,0.84,0.84,0.84,0.84,0.84,0.84,0.84,0.84,0.84,0.84,0.84,0.84
20,0.58,0.44,0.44,0.63,0.63,0.63,0.63,0.63,0.63,0.63,0.63,0.63,0.63,0.63,0.63,0.63,0.63,0.63,0.63,0.63,0.63,0.63,0.63,0.63,0.63,0.63,0.63,0.63,0.74,0.74,0.74,0.74,0.74,0.74,0.74,0.74,0.74,0.74,0.74,0.74,0.74,0.74,0.74,0.74,0.74,0.74,0.74,0.74,0.74
21,0.75,0.75,0.75,0.75,0.77,0.77,1.05,1.05,1.05,1.05,1.07,1.07,1.07,1.07,1.07,1.07,1.07,1.07,1.07,1.07,1.07,1.07,1.07,1.07,1.07,1.07,1.07,1.07,1.07,1.07,1.07,1.07,1.07,1.07,1.07,1.07,1.07,1.07,1.07,1.07,1.07,1.07,1.07,1.07,1.07,1.07,1.07,1.07,1.07
22,0.66,0.66,0.66,0.66,0.66,0.66,0.68,0.68,0.68,0.68,0.68,0.68,0.68,0.68,0.68,0.68,0.68,0.68,0.68,0.68,0.68,0.95,0.95,0.95,0.95,0.95,0.95,0.95,0.95,0.95,0.95,0.95,0.95,0.95,0.95,0.95,0.95,0.86,0.86,0.86,0.86,0.86,0.86,0.86,0.86,0.86,0.86,0.86,0.86
23,0.65,0.65,0.65,0.69,0.69,0.69,0.69,0.69,0.69,0.69,0.69,0.69,0.69,0.69,0.69,0.69,0.58,0.58,0.58,0.58,0.58,0.58,0.58,0.58,0.58,0.81,0.81,0.81,0.81,0.81,0.81,0.81,0.81,0.81,0.81,0.81,0.81,0.81,0.81,0.81,0.81,0.81,0.81,0.81,0.81,0.81,0.81,0.81,0.81
24,0.64,0.64,0.64,0.64,0.85,0.85,0.85,0.85,0.85,0.85,0.85,0.85,0.85,0.85,0.85,0.85,0.85,0.85,0.85,0.85,0.85,0.85,0.85,0.85,0.85,0.85,0.85,0.85,0.85,0.7,0.7,0.7,0.7,0.7,0.7,0.7,0.7,0.7,0.7,0.7,0.7,0.7,0.75,0.75,0.75,0.75,0.75,0.75,0.75
25,0.53,0.53,0.53,0.53,0.53,0.69,0.69,0.69,0.69,0.69,0.69,0.69,0.69,0.69,0.69,0.69,0.69,0.69,0.69,0.69,0.69,0.69,0.69,0.69,0.69,0.69,0.71,0.71,0.71,0.71,0.71,0.71,0.71,0.71,0.71,0.55,0.55,0.55,0.55,0.55,0.55,0.55,0.55,0.55,0.55,0.55,0.55,0.55,0.55
26,0.69,0.69,0.69,0.69,0.69,0.69,0.69,0.69,0.69,0.69,0.69,0.69,0.69,0.69,0.69,0.69,0.69,0.69,0.69,0.72,0.72,0.72,0.72,0.94,0.94,0.94,0.94,0.94,0.94,0.94,0.94,0.94,0.94,0.94,0.82,0.82,0.82,0.82,0.82,0.82,0.82,0.82,0.82,0.82,0.82,0.82,0.82,0.82,0.82
27,0.62,0.62,0.85,0.85,0.85,0.85,0.67,0.67,0.67,0.67,0.67,0.67,0.67,0.67,0.67,0.85,0.85,0.85,0.85,0.85,0.85,0.85,0.85,0.85,0.85,0.85,0.85,0.85,0.85,0.85,0.85,0.85,0.85,0.85,0.85,0.85,0.85,0.85,0.85,0.85,0.85,0.85,0.85,0.85,0.85,0.85,0.85,0.85,0.85
28,0.7,0.93,0.93,0.93,0.93,0.93,0.93,0.93,0.93,0.93,0.93,0.93,0.93,0.93,0.93,0.82,0.82,0.82,0.82,0.82,0.82,0.82,0.82,0.82,0.82,0.82,0.82,0.82,0.82,0.82,0.82,0.82,0.82,0.82,0.82,0.82,0.82,0.82,0.82,0.82,0.82,0.82,0.84,0.84,0.84,0.84,0.84,0.84,0.84
29,0.92,0.92,0.92,0.92,0.92,0.92,0.92,0.92,0.92,0.92,0.92,0.92,0.92,0.92,0.92,0.92,0.93,0.93,0.93,0.93,0.93,0.93,0.93,0.93,0.93,0.93,0.93,0.93,0.93,0.93,0.93,0.93,0.93,0.93,0.93,0.93,0.76,0.76,0.76,0.76,0.76,0.76,0.76,0.76,0.76,0.76,0.76,0.76,0.76
30,0.65,0.65,0.65,0.65,0.65,0.65,0.87,0.87,0.87,0.91,0.91,0.91,0.91,0.91,0.91,0.91,0.91,0.91,0.82,0.82,0.82,0.82,0.82,0.82,0.82,0.82,0.82,0.82,0.82,0.82,0.82,0.82,0.82,0.82,0.82,0.82,0.82,0.82,0.82,0.82,0.82,0.82,0.82,0.82,0.82,0.82,0.82,0.82,0.82
31,0.57,0.57,0.57,0.57,0.57,0.57,0.57,0.57,0.57,0.57,0.57,0.57,0.57,0.57,0.57,0.57,0.57,0.84,0.84,0.84,0.84,0.84,0.84,0.84,0.84,0.84,0.84,0.84,0.84,0.84,0.84,0.84,0.84,0.84,0.84,0.84,0.84,0.84,0.84,0.95,0.95,0.95,0.95,0.95,0.95,0.95,0.95,0.95,0.95
32,0.6,0.6,0.6,0.6,0.6,0.6,0.6,0.6,0.6,0.6,0.6,0.6,0.6,0.6,0.6,0.6,0.6,0.67,0.67,0.67,0.67,0.67,0.67,0.75,0.75,0.75,0.75,0.75,0.75,0.75,0.75,0.75,0.75,0.75,0.75,0.75,0.75,0.75,0.75,0.75,0.75,0.75,0.75,0.75,0.75,0.75,0.75,0.75,0.75
33,0.72,0.72,0.72,0.72,0.72,0.72,0.72,0.72,0.72,0.72,0.72,0.72,0.72,0.68,0.68,0.68,0.68,0.68,0.68,0.68,0.68,0.68,0.68,0.68,0.68,0.68,0.68,0.68,0.68,0.68,0.68,0.68,0.68,0.68,0.68,0.68,0.68,0.68,0.68,0.68,0.68,0.68,0.75,0.75,0.75,0.75,0.75,0.75,0.75
34,0.67,0.92,0.92,0.92,0.92,0.92,0.92,0.78,0.78,0.78,0.78,0.78,0.78,0.78,0.78,0.78,0.78,0.78,0.78,0.78,0.78,0.78,0.78,0.78,0.78,0.78,0.78,0.78,0.78,0.78,0.78,0.78,0.78,0.78,0.84,0.84,0.84,0.84,0.84,0.84,0.84,0.84,0.84,0.84,0.84,0.84,0.84,0.84,0.84
35,0.64,0.64,0.64,0.64,0.64,0.64,0.89,0.89,0.89,0.89,0.89,0.89,0.89,0.75,0.75,0.75,0.75,0.75,0.75,0.75,0.75,0.75,0.75,0.75,0.75,0.8,0.8,0.8,0.8,0.8,0.8,0.8,0.8,0.8,0.8,0.8,0.8,0.8,0.8,0.8,0.8,0.8,0.8,0.8,0.8,0.8,0.8,0.8,0.8
36,0.61,0.61,0.61,0.61,0.61,0.61,0.61,0.61,0.61,0.61,0.61,0.61,0.61,0.61,0.61,0.61,0.61,0.61,0.61,0.61,0.71,0.71,0.71,0.71,0.71,0.71,0.71,0.71,0.76,0.76,0.76,0.76,0.76,0.76,0.76,0.76,0.76,0.76,0.76,0.76,0.76,0.76,0.76,0.76,0.76,0.76,0.76,0.76,0.76
37,0.63,0.63,0.63,0.63,0.63,0.63,0.63,0.63,0.63,0.63,0.63,0.63,0.63,0.63,0.63,0.63,0.63,0.49,0.49,0.49,0.49,0.49,0.49,0.49,0.49,0.49,0.49,0.49,0.6,0.6,0.6,0.6,0.6,0.6,0.6,0.6,0.6,0.6,0.6,0.6,0.6,0.6,0.6,0.6,0.6,0.6,0.6,0.6,0.6
38,0.7,0.7,0.7,0.7,0.7,0.7,0.7,0.7,0.7,0.7,0.7,0.88,0.88,0.89,0.89,0.89,0.89,0.89,0.89,0.89,0.89,0.89,0.89,0.89,0.72,0.72,0.72,0.72,0.72,0.72,0.72,0.72,0.72,0.72,0.72,0.72,0.72,0.72,0.72,0.72,0.72,0.72,0.72,0.72,0.72,0.72,0.72,0.72,0.72
39,0.74,0.74,0.76,0.76,0.76,0.76,0.76,0.76,0.66,0.66,0.66,0.66,0.66,0.66,0.66,0.66,0.66,0.66,0.66,0.66,0.66,0.66,0.66,0.66,0.66,0.66,0.66,0.66,0.66,0.66,0.66,0.66,0.66,0.66,0.66,0.66,0.66,0.66,0.66,0.66,0.66,0.66,0.66,0.66,0.66,0.66,0.66,0.66,0.66
1,7638.561827999999,7638.561827999999,7638.561827999999,7638.561827999999,7638.561827999999,7638.561827999999,7205.342712000001,7205.342712000001,7205.342712000001,5159.528335800001,5159.528335800001,5159.528335800001,5159.528335800001,5159.528335800001,5159.528335800001,5159.528335800001,5159.528335800001,5159.528335800001,2300.7376050000003,2300.7376050000003,2300.7376050000003,2300.7376050000003,2300.7376050000003,2300.7376050000003,2300.7376050000003,2300.7376050000003,2300.7376050000003,2300.7376050000003,2300.7376050000003,2300.7376050000003,2300.7376050000003,2300.7376050000003,2300.7376050000003,2300.7376050000003,2300.7376050000003,2300.7376050000003,2300.7376050000003,2300.7376050000003,2300.7376050000003,2300.7376050000003,2300.7376050000003,2300.7376050000003,2300.7376050000003,2300.7376050000003,2300.7376050000003,2300.7376050000003,2300.7376050000003,2300.7376050000003,2300.7376050000003
2,9743.517066,9743.517066,9743.517066,9743.517066,9743.517066,9743.517066,9743.517066,9743.517066,9743.517066,9743.517066,9743.517066,9743.517066,9076.083294,9076.083294,9076.083294,9076.083294,9076.083294,9076.083294,9076.083294,7030.268921999998,7030.268921999998,7030.268921999998,7030.268921999998,7030.268921999998,7030.268921999998,7030.268921999998,7030.268921999998,3827.8894877999996,3827.8894877999996,3827.8894877999996,3827.8894877999996,3827.8894877999996,3827.8894877999996,3827.8894877999996,3827.8894877999996,3827.8894877999996,3827.8894877999996,3827.8894877999996,3827.8894877999996,3827.8894877999996,3827.8894877999996,3827.8894877999996,3827.8894877999996,3827.8894877999996,3827.8894877999996,3827.8894877999996,3827.8894877999996,3827.8894877999996,3827.8894877999996
3,4819.1209014,4819.1209014,4819.1209014,4819.1209014,4819.1209014,4819.1209014,4819.1209014,4819.1209014,4819.1209014,4819.1209014,4819.1209014,4819.1209014,4819.1209014,2773.3065276,2773.3065276,2773.3065276,2773.3065276,2773.3065276,2773.3065276,2773.3065276,2773.3065276,2773.3065276,2773.3065276,2773.3065276,2773.3065276,2773.3065276,2773.3065276,2773.3065276,2773.3065276,2773.3065276,2773.3065276,2773.3065276,2773.3065276,2773.3065276,2773.3065276,877.0757064000002,877.0757064000002,877.0757064000002,877.0757064000002,877.0757064000002,877.0757064000002,877.0757064000002,641.9695919999998,641.9695919999998,641.9695919999998,641.9695919999998,641.9695919999998,641.9695919999998,641.9695919999998
4,2825.3452938,2825.3452938,2825.3452938,2825.3452938,2825.3452938,2825.3452938,2825.3452938,2825.3452938,2825.3452938,2825.3452938,779.53092,779.53092,779.53092,650.6515463999998,650.6515463999998,650.6515463999998,650.6515463999998,650.6515463999998,650.6515463999998,650.6515463999998,650.6515463999998,650.6515463999998,650.6515463999998,650.6515463999998,-247.42639296,-247.42639296,-247.42639296,-247.42639296,-247.42639296,-247.42639296,-247.42639296,-247.42639296,-247.42639296,-247.42639296,-247.42639296,-247.42639296,-247.42639296,-247.42639296,-247.42639296,-247.42639296,-247.42639296,-247.42639296,-247.42639296,-247.42639296,-247.42639296,-247.42639296,-247.42639296,-247.42639296,-247.42639296
5,8085.279438,8085.279438,8085.279438,8085.279438,8085.279438,6039.46506,6039.46506,6039.46506,6039.46506,6039.46506,6039.46506,6039.46506,3118.9985328,3118.9985328,3118.9985328,3118.9985328,3118.9985328,3118.9985328,3118.9985328,3118.9985328,3118.9985328,3118.9985328,3118.9985328,3118.9985328,3118.9985328,3118.9985328,3118.9985328,3118.9985328,3118.9985328,3118.9985328,3118.9985328,3118.9985328,3118.9985328,3118.9985328,2296.6446726,2296.6446726,2296.6446726,2296.6446726,2296.6446726,2296.6446726,2296.6446726,2296.6446726,2296.6446726,2296.6446726,2296.6446726,2296.6446726,2296.6446726,2296.6446726,2296.6446726
6,7976.927766,7976.927766,7976.927766,7976.927766,7976.927766,7976.927766,7976.927766,7976.927766,7976.927766,7976.927766,7976.927766,7976.927766,7976.927766,7976.927766,7976.927766,7976.927766,7976.927766,7976.927766,7976.927766,7976.927766,7976.927766,7976.927766,4637.123511600001,2591.309137800001,2591.309137800001,2591.309137800001,2591.309137800001,2591.309137800001,2591.309137800001,2591.309137800001,2591.309137800001,2591.309137800001,2591.309137800001,2591.309137800001,2591.309137800001,2591.309137800001,2591.309137800001,2591.309137800001,2591.309137800001,1649.1793566,1649.1793566,1649.1793566,1649.1793566,1649.1793566,1649.1793566,1649.1793566,1649.1793566,1649.1793566,1649.1793566
7,9467.971824,9467.971824,9467.971824,9467.971824,9467.971824,9467.971824,9467.971824,9467.971824,9467.971824,9467.971824,9467.971824,9467.971824,9467.971824,9467.971824,9467.971824,9467.971824,9467.971824,9467.971824,9467.971824,9467.971824,9467.971824,9467.971824,5878.1876064,5878.1876064,2941.4326055999995,2941.4326055999995,2941.4326055999995,2941.4326055999995,2941.4326055999995,2941.4326055999995,2941.4326055999995,2941.4326055999995,2941.4326055999995,2941.4326055999995,2941.4326055999995,2941.4326055999995,2941.4326055999995,2941.4326055999995,2941.4326055999995,2941.4326055999995,2941.4326055999995,2941.4326055999995,2941.4326055999995,2941.4326055999995,2941.4326055999995,2941.4326055999995,2941.4326055999995,2941.4326055999995,2941.4326055999995
8,8732.09283,8732.09283,6713.5147320000015,4226.0105532,4226.0105532,4226.0105532,2180.1961794,2180.1961794,2180.1961794,2180.1961794,2180.1961794,2180.1961794,2180.1961794,2180.1961794,2180.1961794,2180.1961794,2180.1961794,2180.1961794,2180.1961794,2180.1961794,2180.1961794,2180.1961794,2180.1961794,2180.1961794,2180.1961794,2180.1961794,2180.1961794,2180.1961794,2180.1961794,2180.1961794,2180.1961794,2180.1961794,2180.1961794,2180.1961794,2180.1961794,2180.1961794,2180.1961794,2180.1961794,2180.1961794,2180.1961794,2180.1961794,2180.1961794,2180.1961794,2180.1961794,2180.1961794,2180.1961794,2180.1961794,2180.1961794,2180.1961794
9,10914.57855,10914.57855,6517.0901460000005,6517.0901460000005,6517.0901460000005,6517.0901460000005,6517.0901460000005,6517.0901460000005,6517.0901460000005,4471.2757704,4471.2757704,4471.2757704,4471.2757704,4471.2757704,4471.2757704,4471.2757704,4471.2757704,4471.2757704,4471.2757704,4471.2757704,4471.2757704,4471.2757704,4471.2757704,4471.2757704,4471.2757704,4471.2757704,4471.2757704,4471.2757704,4471.2757704,4471.2757704,4471.2757704,4471.2757704,4471.2757704,4471.2757704,4471.2757704,4471.2757704,4471.2757704,4471.2757704,4471.2757704,4471.2757704,4471.2757704,3973.9361856,3973.9361856,3973.9361856,3973.9361856,3973.9361856,3973.9361856,3973.9361856,3973.9361856
10,6927.448565999999,6927.448565999999,6927.448565999999,6927.448565999999,4337.687892599999,4337.687892599999,4337.687892599999,4337.687892599999,4337.687892599999,4337.687892599999,4337.687892599999,4337.687892599999,4337.687892599999,4337.687892599999,2291.8735194,2291.8735194,2291.8735194,2291.8735194,2291.8735194,2291.8735194,2291.8735194,2291.8735194,2291.8735194,2291.8735194,2291.8735194,2291.8735194,2291.8735194,2291.8735194,2291.8735194,2291.8735194,2291.8735194,2291.8735194,2291.8735194,2291.8735194,2291.8735194,2291.8735194,2291.8735194,2291.8735194,2291.8735194,2291.8735194,2291.8735194,2291.8735194,2291.8735194,1413.5096382000002,1413.5096382000002,1413.5096382000002,1413.5096382000002,1413.5096382000002,1413.5096382000002
11,16846.963133999998,16846.963133999998,16846.963133999998,16846.963133999998,16846.963133999998,14801.148762,14801.148762,14801.148762,14801.148762,14801.148762,14801.148762,14801.148762,14801.148762,14801.148762,14801.148762,14801.148762,14801.148762,8878.58397,8878.58397,8878.58397,8878.58397,8878.58397,8878.58397,8878.58397,8878.58397,8878.58397,8878.58397,8878.58397,8878.58397,7751.002547999998,7751.002547999998,7751.002547999998,7751.002547999998,7751.002547999998,7751.002547999998,7751.002547999998,7751.002547999998,7751.002547999998,7751.002547999998,7751.002547999998,7751.002547999998,7751.002547999998,7751.002547999998,7751.002547999998,7751.002547999998,7751.002547999998,7751.002547999998,7751.002547999998,7751.002547999998
12,10424.863404000002,10424.863404000002,10424.863404000002,10424.863404000002,10424.863404000002,5482.6373304,5482.6373304,5482.6373304,5482.6373304,5482.6373304,5482.6373304,5482.6373304,5482.6373304,5482.6373304,5482.6373304,5482.6373304,5482.6373304,5482.6373304,5482.6373304,3436.8229565999995,3436.8229565999995,3436.8229565999995,3243.9351018,3243.9351018,3243.9351018,3243.9351018,3243.9351018,3243.9351018,3243.9351018,3243.9351018,3243.9351018,3243.9351018,3243.9351018,3243.9351018,3243.9351018,3243.9351018,3243.9351018,3243.9351018,3243.9351018,3243.9351018,3243.9351018,3243.9351018,3243.9351018,3243.9351018,3243.9351018,3243.9351018,3243.9351018,3243.9351018,3243.9351018
13,4405.5349536,4405.5349536,4405.5349536,4405.5349536,4405.5349536,4405.5349536,4405.5349536,4405.5349536,4405.5349536,4405.5349536,4405.5349536,4405.5349536,4405.5349536,4405.5349536,4405.5349536,4405.5349536,4405.5349536,4405.5349536,4405.5349536,4405.5349536,4405.5349536,4405.5349536,4405.5349536,4405.5349536,4405.5349536,4405.5349536,4405.5349536,4405.5349536,2833.5054924,2833.5054924,2833.5054924,2032.6391922,2032.6391922,2032.6391922,2032.6391922,2032.6391922,2032.6391922,2032.6391922,2032.6391922,2032.6391922,2032.6391922,2032.6391922,2032.6391922,2032.6391922,2032.6391922,2032.6391922,2032.6391922,2032.6391922,2032.6391922
14,10364.138586,10364.138586,10364.138586,10364.138586,10364.138586,10364.138586,10364.138586,10364.138586,10364.138586,10364.138586,10364.138586,10364.138586,10364.138586,10364.138586,10364.138586,10364.138586,8318.324214,8318.324214,8318.324214,8318.324214,8318.324214,8318.324214,8318.324214,8318.324214,5525.8144224,5525.8144224,5525.8144224,5525.8144224,5525.8144224,5525.8144224,5525.8144224,5525.8144224,5525.8144224,5525.8144224,5525.8144224,5525.8144224,5525.8144224,5525.8144224,5525.8144224,5525.8144224,5525.8144224,5525.8144224,5525.8144224,5525.8144224,5525.8144224,5525.8144224,5525.8144224,5525.8144224,5525.8144224
15,7106.527734,7106.527734,7106.527734,7106.527734,7106.527734,7106.527734,7106.527734,5060.713360199999,5060.713360199999,5060.713360199999,5060.713360199999,5060.713360199999,5060.713360199999,5060.713360199999,5060.713360199999,5060.713360199999,5060.713360199999,5060.713360199999,5060.713360199999,5060.713360199999,5060.713360199999,5060.713360199999,5060.713360199999,5060.713360199999,5060.713360199999,5060.713360199999,5060.713360199999,5060.713360199999,5060.713360199999,5060.713360199999,5060.713360199999,5060.713360199999,5060.713360199999,5060.713360199999,4803.1534446000005,2301.279357,2301.279357,2301.279357,2301.279357,2301.279357,2301.279357,2301.279357,2301.279357,2301.279357,2301.279357,2301.279357,2301.279357,2301.279357,2301.279357
16,7497.304337999999,7497.304337999999,7497.304337999999,7497.304337999999,7497.304337999999,7497.304337999999,7497.304337999999,7497.304337999999,7497.304337999999,4432.8783761999985,4432.8783761999985,4432.8783761999985,4432.8783761999985,4432.8783761999985,4432.8783761999985,4432.8783761999985,4432.8783761999985,4432.8783761999985,4432.8783761999985,4432.8783761999985,4432.8783761999985,4432.8783761999985,4432.8783761999985,2387.0640024,2387.0640024,2387.0640024,2387.0640024,2387.0640024,2387.0640024,2387.0640024,2387.0640024,2387.0640024,2387.0640024,2387.0640024,2387.0640024,2085.8457132,2085.8457132,2085.8457132,2085.8457132,2085.8457132,2085.8457132,2085.8457132,2085.8457132,2085.8457132,2085.8457132,2085.8457132,2085.8457132,2085.8457132,2085.8457132
17,2399.7540252,2399.7540252,2399.7540252,2399.7540252,2399.7540252,2399.7540252,2399.7540252,2126.7286667999997,2126.7286667999997,2126.7286667999997,2126.7286667999997,2126.7286667999997,2126.7286667999997,2126.7286667999997,2126.7286667999997,2225.82519,2225.82519,2225.82519,2225.82519,2225.82519,2225.82519,2225.82519,2225.82519,2225.82519,2225.82519,2225.82519,793.7551284,793.7551284,793.7551284,793.7551284,793.7551284,793.7551284,793.7551284,793.7551284,793.7551284,793.7551284,793.7551284,793.7551284,793.7551284,793.7551284,793.7551284,793.7551284,793.7551284,793.7551284,793.7551284,793.7551284,793.7551284,793.7551284,793.7551284
18,4957.559214,4479.0864414,4479.0864414,4479.0864414,4479.0864414,4479.0864414,4479.0864414,4479.0864414,4479.0864414,4479.0864414,4479.0864414,4479.0864414,4479.0864414,4479.0864414,4479.0864414,4479.0864414,4479.0864414,4479.0864414,4479.0864414,4479.0864414,4479.0864414,4479.0864414,4479.0864414,4479.0864414,4479.0864414,4479.0864414,4479.0864414,4479.0864414,4479.0864414,4479.0864414,4479.0864414,4479.0864414,4479.0864414,4479.0864414,4479.0864414,4479.0864414,2906.9882429999993,2906.9882429999993,2906.9882429999993,2906.9882429999993,2906.9882429999993,2906.9882429999993,2906.9882429999993,2906.9882429999993,2906.9882429999993,2906.9882429999993,2906.9882429999993,2906.9882429999993,2906.9882429999993
19,8133.1562159999985,8133.1562159999985,6087.341844000001,6087.341844000001,6087.341844000001,6087.341844000001,6087.341844000001,6087.341844000001,6087.341844000001,6087.341844000001,4730.972518199999,4730.972518199999,4730.972518199999,4730.972518199999,4730.972518199999,4730.972518199999,4730.972518199999,4730.972518199999,4730.972518199999,1510.4780429999996,1510.4780429999996,1510.4780429999996,1510.4780429999996,1510.4780429999996,1510.4780429999996,1510.4780429999996,1510.4780429999996,1510.4780429999996,1510.4780429999996,1510.4780429999996,1510.4780429999996,1510.4780429999996,1510.4780429999996,1510.4780429999996,1510.4780429999996,1510.4780429999996,1510.4780429999996,1510.4780429999996,1510.4780429999996,1510.4780429999996,1510.4780429999996,1510.4780429999996,1510.4780429999996,1510.4780429999996,1510.4780429999996,1510.4780429999996,1510.4780429999996,1510.4780429999996,1510.4780429999996
20,13579.719491999998,5935.935753,5935.935753,3890.1213791999994,3890.1213791999994,3890.1213791999994,3890.1213791999994,3890.1213791999994,3890.1213791999994,3890.1213791999994,3890.1213791999994,3890.1213791999994,3890.1213791999994,3890.1213791999994,3890.1213791999994,3890.1213791999994,3890.1213791999994,3890.1213791999994,3890.1213791999994,3890.1213791999994,3890.1213791999994,3890.1213791999994,3890.1213791999994,3890.1213791999994,3890.1213791999994,3890.1213791999994,3890.1213791999994,3890.1213791999994,2784.0416598,2784.0416598,2784.0416598,2784.0416598,2784.0416598,2784.0416598,2784.0416598,2784.0416598,2784.0416598,2784.0416598,2784.0416598,2784.0416598,2784.0416598,2784.0416598,2784.0416598,2784.0416598,2784.0416598,2784.0416598,2784.0416598,2784.0416598,2784.0416598
21,4030.3845774000006,4030.3845774000006,4030.3845774000006,4030.3845774000006,3600.6634062000007,3600.6634062000007,1554.8490324000002,1554.8490324000002,1554.8490324000002,1554.8490324000002,295.63682279999995,295.63682279999995,295.63682279999995,295.63682279999995,295.63682279999995,295.63682279999995,295.63682279999995,295.63682279999995,295.63682279999995,295.63682279999995,295.63682279999995,295.63682279999995,295.63682279999995,295.63682279999995,295.63682279999995,295.63682279999995,295.63682279999995,295.63682279999995,295.63682279999995,295.63682279999995,295.63682279999995,295.63682279999995,295.63682279999995,295.63682279999995,295.63682279999995,295.63682279999995,295.63682279999995,295.63682279999995,295.63682279999995,295.63682279999995,295.63682279999995,295.63682279999995,295.63682279999995,295.63682279999995,295.63682279999995,295.63682279999995,295.63682279999995,295.63682279999995,295.63682279999995
22,5799.7372848,5799.7372848,5799.7372848,5799.7372848,5799.7372848,5799.7372848,5397.2677920000015,5397.2677920000015,5397.2677920000015,5397.2677920000015,5397.2677920000015,5397.2677920000015,5397.2677920000015,5397.2677920000015,5397.2677920000015,5397.2677920000015,5397.2677920000015,5397.2677920000015,5397.2677920000015,5397.2677920000015,5397.2677920000015,3351.4534182,3351.4534182,3351.4534182,3351.4534182,3351.4534182,3351.4534182,3351.4534182,3351.4534182,3351.4534182,3351.4534182,3351.4534182,3351.4534182,3351.4534182,3351.4534182,3351.4534182,3351.4534182,1084.7159652,1084.7159652,1084.7159652,1084.7159652,1084.7159652,1084.7159652,1084.7159652,1084.7159652,1084.7159652,1084.7159652,1084.7159652,1084.7159652
23,7278.974147999998,7278.974147999998,7278.974147999998,6191.585208,6191.585208,6191.585208,6191.585208,6191.585208,6191.585208,6191.585208,6191.585208,6191.585208,6191.585208,6191.585208,6191.585208,6191.585208,3663.4602852,3663.4602852,3663.4602852,3663.4602852,3663.4602852,3663.4602852,3663.4602852,3663.4602852,3663.4602852,1617.6459114000004,1617.6459114000004,1617.6459114000004,1617.6459114000004,1617.6459114000004,1617.6459114000004,1617.6459114000004,1617.6459114000004,1617.6459114000004,1617.6459114000004,1617.6459114000004,1617.6459114000004,1617.6459114000004,1617.6459114000004,1617.6459114000004,1617.6459114000004,1617.6459114000004,1617.6459114000004,1617.6459114000004,1617.6459114000004,1617.6459114000004,1617.6459114000004,1617.6459114000004,1617.6459114000004
24,8396.448690000001,8396.448690000001,8396.448690000001,8396.448690000001,6350.634312,6350.634312,6350.634312,6350.634312,6350.634312,6350.634312,6350.634312,6350.634312,6350.634312,6350.634312,6350.634312,6350.634312,6350.634312,6350.634312,6350.634312,6350.634312,6350.634312,6350.634312,6350.634312,6350.634312,6350.634312,6350.634312,6350.634312,6350.634312,6350.634312,2875.5275226,2875.5275226,2875.5275226,2875.5275226,2875.5275226,2875.5275226,2875.5275226,2875.5275226,2875.5275226,2875.5275226,2875.5275226,2875.5275226,2875.5275226,2389.6908018000004,2389.6908018000004,2389.6908018000004,2389.6908018000004,2389.6908018000004,2389.6908018000004,2389.6908018000004
25,16018.263192,16018.263192,16018.263192,16018.263192,16018.263192,13972.44882,13972.44882,13972.44882,13972.44882,13972.44882,13972.44882,13972.44882,13972.44882,13972.44882,13972.44882,13972.44882,13972.44882,13972.44882,13972.44882,13972.44882,13972.44882,13972.44882,13972.44882,13972.44882,13972.44882,13972.44882,13172.993321999998,13172.993321999998,13172.993321999998,13172.993321999998,13172.993321999998,13172.993321999998,13172.993321999998,13172.993321999998,13172.993321999998,5800.2961908,5800.2961908,5800.2961908,5800.2961908,5800.2961908,5800.2961908,5800.2961908,5800.2961908,5800.2961908,5800.2961908,5800.2961908,5800.2961908,5800.2961908,5800.2961908
26,6799.944275999998,6799.944275999998,6799.944275999998,6799.944275999998,6799.944275999998,6799.944275999998,6799.944275999998,6799.944275999998,6799.944275999998,6799.944275999998,6799.944275999998,6799.944275999998,6799.944275999998,6799.944275999998,6799.944275999998,6799.944275999998,6799.944275999998,6799.944275999998,6799.944275999998,5887.0533486,5887.0533486,5887.0533486,5887.0533486,3841.2389748,3841.2389748,3841.2389748,3841.2389748,3841.2389748,3841.2389748,3841.2389748,3841.2389748,3841.2389748,3841.2389748,3841.2389748,1737.5982425999998,1737.5982425999998,1737.5982425999998,1737.5982425999998,1737.5982425999998,1737.5982425999998,1737.5982425999998,1737.5982425999998,1737.5982425999998,1737.5982425999998,1737.5982425999998,1737.5982425999998,1737.5982425999998,1737.5982425999998,1737.5982425999998
27,8016.235409999998,8016.235409999998,5970.4210343999985,5970.4210343999985,5970.4210343999985,5970.4210343999985,2891.3625720000005,2891.3625720000005,2891.3625720000005,2891.3625720000005,2891.3625720000005,2891.3625720000005,2891.3625720000005,2891.3625720000005,2891.3625720000005,1343.9925474000001,1343.9925474000001,1343.9925474000001,1343.9925474000001,1343.9925474000001,1343.9925474000001,1343.9925474000001,1343.9925474000001,1343.9925474000001,1343.9925474000001,1343.9925474000001,1343.9925474000001,1343.9925474000001,1343.9925474000001,1343.9925474000001,1343.9925474000001,1343.9925474000001,1343.9925474000001,1343.9925474000001,1343.9925474000001,1343.9925474000001,1343.9925474000001,1343.9925474000001,1343.9925474000001,1343.9925474000001,1343.9925474000001,1343.9925474000001,1343.9925474000001,1343.9925474000001,1343.9925474000001,1343.9925474000001,1343.9925474000001,1343.9925474000001,1343.9925474000001
28,5895.196139399999,3849.3817655999997,3849.3817655999997,3849.3817655999997,3849.3817655999997,3849.3817655999997,3849.3817655999997,3849.3817655999997,3849.3817655999997,3849.3817655999997,3849.3817655999997,3849.3817655999997,3849.3817655999997,3849.3817655999997,3849.3817655999997,1611.8223138,1611.8223138,1611.8223138,1611.8223138,1611.8223138,1611.8223138,1611.8223138,1611.8223138,1611.8223138,1611.8223138,1611.8223138,1611.8223138,1611.8223138,1611.8223138,1611.8223138,1611.8223138,1611.8223138,1611.8223138,1611.8223138,1611.8223138,1611.8223138,1611.8223138,1611.8223138,1611.8223138,1611.8223138,1611.8223138,1611.8223138,1379.0177172,1379.0177172,1379.0177172,1379.0177172,1379.0177172,1379.0177172,1379.0177172
29,5389.2239052,5389.2239052,5389.2239052,5389.2239052,5389.2239052,5389.2239052,5389.2239052,5389.2239052,5389.2239052,5389.2239052,5389.2239052,5389.2239052,5389.2239052,5389.2239052,5389.2239052,5389.2239052,5154.509738399999,5154.509738399999,5154.509738399999,5154.509738399999,5154.509738399999,5154.509738399999,5154.509738399999,5154.509738399999,5154.509738399999,5154.509738399999,5154.509738399999,5154.509738399999,5154.509738399999,5154.509738399999,5154.509738399999,5154.509738399999,5154.509738399999,5154.509738399999,5154.509738399999,5154.509738399999,2313.0750186,2313.0750186,2313.0750186,2313.0750186,2313.0750186,2313.0750186,2313.0750186,2313.0750186,2313.0750186,2313.0750186,2313.0750186,2313.0750186,2313.0750186
30,7854.049997999998,7854.049997999998,7854.049997999998,7854.049997999998,7854.049997999998,7854.049997999998,5808.235626,5808.235626,5808.235626,4847.0139875999985,4847.0139875999985,4847.0139875999985,4847.0139875999985,4847.0139875999985,4847.0139875999985,4847.0139875999985,4847.0139875999985,4847.0139875999985,1598.0959242000001,1598.0959242000001,1598.0959242000001,1598.0959242000001,1598.0959242000001,1598.0959242000001,1598.0959242000001,1598.0959242000001,1598.0959242000001,1598.0959242000001,1598.0959242000001,1598.0959242000001,1598.0959242000001,1598.0959242000001,1598.0959242000001,1598.0959242000001,1598.0959242000001,1598.0959242000001,1598.0959242000001,1598.0959242000001,1598.0959242000001,1598.0959242000001,1598.0959242000001,1598.0959242000001,1598.0959242000001,1598.0959242000001,1598.0959242000001,1598.0959242000001,1598.0959242000001,1598.0959242000001,1598.0959242000001
31,7955.493905999999,7955.493905999999,7955.493905999999,7955.493905999999,7955.493905999999,7955.493905999999,7955.493905999999,7955.493905999999,7955.493905999999,7955.493905999999,7955.493905999999,7955.493905999999,7955.493905999999,7955.493905999999,7955.493905999999,7955.493905999999,7955.493905999999,5909.679533399999,5909.679533399999,5909.679533399999,5909.679533399999,5909.679533399999,5909.679533399999,5909.679533399999,5909.679533399999,5909.679533399999,5909.679533399999,5909.679533399999,5909.679533399999,5909.679533399999,5909.679533399999,5909.679533399999,5909.679533399999,5909.679533399999,5909.679533399999,5909.679533399999,5909.679533399999,5909.679533399999,5909.679533399999,3212.8572281999996,3212.8572281999996,3212.8572281999996,3212.8572281999996,3212.8572281999996,3212.8572281999996,3212.8572281999996,3212.8572281999996,3212.8572281999996,3212.8572281999996
32,3340.848759,3340.848759,3340.848759,3340.848759,3340.848759,3340.848759,3340.848759,3340.848759,3340.848759,3340.848759,3340.848759,3340.848759,3340.848759,3340.848759,3340.848759,3340.848759,3340.848759,2790.2923866,2790.2923866,2790.2923866,2790.2923866,2790.2923866,2790.2923866,2093.2588764,2093.2588764,2093.2588764,2093.2588764,2093.2588764,2093.2588764,2093.2588764,2093.2588764,2093.2588764,2093.2588764,2093.2588764,2093.2588764,2093.2588764,2093.2588764,2093.2588764,2093.2588764,2093.2588764,2093.2588764,2093.2588764,2093.2588764,2093.2588764,2093.2588764,2093.2588764,2093.2588764,2093.2588764,2093.2588764
33,3595.537542,3595.537542,3595.537542,3595.537542,3595.537542,3595.537542,3595.537542,3595.537542,3595.537542,3595.537542,3595.537542,3595.537542,3595.537542,1883.9874012000002,1883.9874012000002,1883.9874012000002,1883.9874012000002,1883.9874012000002,1883.9874012000002,1883.9874012000002,1883.9874012000002,1883.9874012000002,1883.9874012000002,1883.9874012000002,1883.9874012000002,1883.9874012000002,1883.9874012000002,1883.9874012000002,1883.9874012000002,1883.9874012000002,1883.9874012000002,1883.9874012000002,1883.9874012000002,1883.9874012000002,1883.9874012000002,1883.9874012000002,1883.9874012000002,1883.9874012000002,1883.9874012000002,1883.9874012000002,1883.9874012000002,1883.9874012000002,1451.2825944,1451.2825944,1451.2825944,1451.2825944,1451.2825944,1451.2825944,1451.2825944
34,6224.8810859999985,4179.0667146,4179.0667146,4179.0667146,4179.0667146,4179.0667146,4179.0667146,1850.7331782,1850.7331782,1850.7331782,1850.7331782,1850.7331782,1850.7331782,1850.7331782,1850.7331782,1850.7331782,1850.7331782,1850.7331782,1850.7331782,1850.7331782,1850.7331782,1850.7331782,1850.7331782,1850.7331782,1850.7331782,1850.7331782,1850.7331782,1850.7331782,1850.7331782,1850.7331782,1850.7331782,1850.7331782,1850.7331782,1850.7331782,1362.4769993999996,1362.4769993999996,1362.4769993999996,1362.4769993999996,1362.4769993999996,1362.4769993999996,1362.4769993999996,1362.4769993999996,1362.4769993999996,1362.4769993999996,1362.4769993999996,1362.4769993999996,1362.4769993999996,1362.4769993999996,1362.4769993999996
35,6824.890866,6824.890866,6824.890866,6824.890866,6824.890866,6824.890866,4779.0764916,4779.0764916,4779.0764916,4779.0764916,4779.0764916,4779.0764916,4779.0764916,2090.8519998,2090.8519998,2090.8519998,2090.8519998,2090.8519998,2090.8519998,2090.8519998,2090.8519998,2090.8519998,2090.8519998,2090.8519998,2090.8519998,1682.7246534,1682.7246534,1682.7246534,1682.7246534,1682.7246534,1682.7246534,1682.7246534,1682.7246534,1682.7246534,1682.7246534,1682.7246534,1682.7246534,1682.7246534,1682.7246534,1682.7246534,1682.7246534,1682.7246534,1682.7246534,1682.7246534,1682.7246534,1682.7246534,1682.7246534,1682.7246534,1682.7246534
36,4057.3884593999987,4057.3884593999987,4057.3884593999987,4057.3884593999987,4057.3884593999987,4057.3884593999987,4057.3884593999987,4057.3884593999987,4057.3884593999987,4057.3884593999987,4057.3884593999987,4057.3884593999987,4057.3884593999987,4057.3884593999987,4057.3884593999987,4057.3884593999987,4057.3884593999987,4057.3884593999987,4057.3884593999987,4057.3884593999987,2993.564985,2993.564985,2993.564985,2993.564985,2993.564985,2993.564985,2993.564985,2993.564985,2466.4307004,2466.4307004,2466.4307004,2466.4307004,2466.4307004,2466.4307004,2466.4307004,2466.4307004,2466.4307004,2466.4307004,2466.4307004,2466.4307004,2466.4307004,2466.4307004,2466.4307004,2466.4307004,2466.4307004,2466.4307004,2466.4307004,2466.4307004,2466.4307004
37,7605.395004000001,7605.395004000001,7605.395004000001,7605.395004000001,7605.395004000001,7605.395004000001,7605.395004000001,7605.395004000001,7605.395004000001,7605.395004000001,7605.395004000001,7605.395004000001,7605.395004000001,7605.395004000001,7605.395004000001,7605.395004000001,7605.395004000001,4534.4478918,4534.4478918,4534.4478918,4534.4478918,4534.4478918,4534.4478918,4534.4478918,4534.4478918,4534.4478918,4534.4478918,4534.4478918,3608.6379168000003,3608.6379168000003,3608.6379168000003,3608.6379168000003,3608.6379168000003,3608.6379168000003,3608.6379168000003,3608.6379168000003,3608.6379168000003,3608.6379168000003,3608.6379168000003,3608.6379168000003,3608.6379168000003,3608.6379168000003,3608.6379168000003,3608.6379168000003,3608.6379168000003,3608.6379168000003,3608.6379168000003,3608.6379168000003,3608.6379168000003
38,9139.245984,9139.245984,9139.245984,9139.245984,9139.245984,9139.245984,9139.245984,9139.245984,9139.245984,9139.245984,9139.245984,7093.4316119999985,7093.4316119999985,6705.301728,6705.301728,6705.301728,6705.301728,6705.301728,6705.301728,6705.301728,6705.301728,6705.301728,6705.301728,6705.301728,3152.9496492,3152.9496492,3152.9496492,3152.9496492,3152.9496492,3152.9496492,3152.9496492,3152.9496492,3152.9496492,3152.9496492,3152.9496492,3152.9496492,3152.9496492,3152.9496492,3152.9496492,3152.9496492,3152.9496492,3152.9496492,3152.9496492,3152.9496492,3152.9496492,3152.9496492,3152.9496492,3152.9496492,3152.9496492
39,6685.300236,6685.300236,6035.851074,6035.851074,6035.851074,6035.851074,6035.851074,6035.851074,3612.5214222,3612.5214222,3612.5214222,3612.5214222,3612.5214222,3612.5214222,3612.5214222,3612.5214222,3612.5214222,3612.5214222,3612.5214222,3612.5214222,3612.5214222,3612.5214222,3612.5214222,3612.5214222,3612.5214222,3612.5214222,3612.5214222,3612.5214222,3612.5214222,3612.5214222,3612.5214222,3612.5214222,3612.5214222,3612.5214222,3612.5214222,3612.5214222,3612.5214222,3612.5214222,3612.5214222,3612.5214222,3612.5214222,3612.5214222,3612.5214222,3612.5214222,3612.5214222,3612.5214222,3612.5214222,3612.5214222,3612.5214222
1,5092.374552,5092.374552,5092.374552,5092.374552,5092.374552,5092.374552,4803.5618079999995,4803.5618079999995,4803.5618079999995,3439.6855572000004,3439.6855572000004,3439.6855572000004,3439.6855572000004,3439.6855572000004,3439.6855572000004,3439.6855572000004,3439.6855572000004,3439.6855572000004,1533.8250699999999,1533.8250699999999,1533.8250699999999,1533.8250699999999,1533.8250699999999,1533.8250699999999,1533.8250699999999,1533.8250699999999,1533.8250699999999,1533.8250699999999,1533.8250699999999,1533.8250699999999,1533.8250699999999,1533.8250699999999,1533.8250699999999,1533.8250699999999,1533.8250699999999,1533.8250699999999,1533.8250699999999,1533.8250699999999,1533.8250699999999,1533.8250699999999,1533.8250699999999,1533.8250699999999,1533.8250699999999,1533.8250699999999,1533.8250699999999,1533.8250699999999,1533.8250699999999,1533.8250699999999,1533.8250699999999
2,6495.678043999999,6495.678043999999,6495.678043999999,6495.678043999999,6495.678043999999,6495.678043999999,6495.678043999999,6495.678043999999,6495.678043999999,6495.678043999999,6495.678043999999,6495.678043999999,6050.7221960000015,6050.7221960000015,6050.7221960000015,6050.7221960000015,6050.7221960000015,6050.7221960000015,6050.7221960000015,4686.845947999999,4686.845947999999,4686.845947999999,4686.845947999999,4686.845947999999,4686.845947999999,4686.845947999999,4686.845947999999,2551.9263251999996,2551.9263251999996,2551.9263251999996,2551.9263251999996,2551.9263251999996,2551.9263251999996,2551.9263251999996,2551.9263251999996,2551.9263251999996,2551.9263251999996,2551.9263251999996,2551.9263251999996,2551.9263251999996,2551.9263251999996,2551.9263251999996,2551.9263251999996,2551.9263251999996,2551.9263251999996,2551.9263251999996,2551.9263251999996,2551.9263251999996,2551.9263251999996
3,3212.7472676,3212.7472676,3212.7472676,3212.7472676,3212.7472676,3212.7472676,3212.7472676,3212.7472676,3212.7472676,3212.7472676,3212.7472676,3212.7472676,3212.7472676,1848.8710184,1848.8710184,1848.8710184,1848.8710184,1848.8710184,1848.8710184,1848.8710184,1848.8710184,1848.8710184,1848.8710184,1848.8710184,1848.8710184,1848.8710184,1848.8710184,1848.8710184,1848.8710184,1848.8710184,1848.8710184,1848.8710184,1848.8710184,1848.8710184,1848.8710184,584.7171376,584.7171376,584.7171376,584.7171376,584.7171376,584.7171376,584.7171376,427.979728,427.979728,427.979728,427.979728,427.979728,427.979728,427.979728
4,1883.5635292,1883.5635292,1883.5635292,1883.5635292,1883.5635292,1883.5635292,1883.5635292,1883.5635292,1883.5635292,1883.5635292,519.68728,519.68728,519.68728,433.76769759999996,433.76769759999996,433.76769759999996,433.76769759999996,433.76769759999996,433.76769759999996,433.76769759999996,433.76769759999996,433.76769759999996,433.76769759999996,433.76769759999996,-164.95092864000003,-164.95092864000003,-164.95092864000003,-164.95092864000003,-164.95092864000003,-164.95092864000003,-164.95092864000003,-164.95092864000003,-164.95092864000003,-164.95092864000003,-164.95092864000003,-164.95092864000003,-164.95092864000003,-164.95092864000003,-164.95092864000003,-164.95092864000003,-164.95092864000003,-164.95092864000003,-164.95092864000003,-164.95092864000003,-164.95092864000003,-164.95092864000003,-164.95092864000003,-164.95092864000003,-164.95092864000003
5,5390.186292000001,5390.186292000001,5390.186292000001,5390.186292000001,5390.186292000001,4026.31004,4026.31004,4026.31004,4026.31004,4026.31004,4026.31004,4026.31004,2079.3323552,2079.3323552,2079.3323552,2079.3323552,2079.3323552,2079.3323552,2079.3323552,2079.3323552,2079.3323552,2079.3323552,2079.3323552,2079.3323552,2079.3323552,2079.3323552,2079.3323552,2079.3323552,2079.3323552,2079.3323552,2079.3323552,2079.3323552,2079.3323552,2079.3323552,1531.0964484,1531.0964484,1531.0964484,1531.0964484,1531.0964484,1531.0964484,1531.0964484,1531.0964484,1531.0964484,1531.0964484,1531.0964484,1531.0964484,1531.0964484,1531.0964484,1531.0964484
6,5317.951844,5317.951844,5317.951844,5317.951844,5317.951844,5317.951844,5317.951844,5317.951844,5317.951844,5317.951844,5317.951844,5317.951844,5317.951844,5317.951844,5317.951844,5317.951844,5317.951844,5317.951844,5317.951844,5317.951844,5317.951844,5317.951844,3091.4156744,1727.5394252000006,1727.5394252000006,1727.5394252000006,1727.5394252000006,1727.5394252000006,1727.5394252000006,1727.5394252000006,1727.5394252000006,1727.5394252000006,1727.5394252000006,1727.5394252000006,1727.5394252000006,1727.5394252000006,1727.5394252000006,1727.5394252000006,1727.5394252000006,1099.4529044,1099.4529044,1099.4529044,1099.4529044,1099.4529044,1099.4529044,1099.4529044,1099.4529044,1099.4529044,1099.4529044
7,6311.981215999999,6311.981215999999,6311.981215999999,6311.981215999999,6311.981215999999,6311.981215999999,6311.981215999999,6311.981215999999,6311.981215999999,6311.981215999999,6311.981215999999,6311.981215999999,6311.981215999999,6311.981215999999,6311.981215999999,6311.981215999999,6311.981215999999,6311.981215999999,6311.981215999999,6311.981215999999,6311.981215999999,6311.981215999999,3918.7917376,3918.7917376,1960.9550704,1960.9550704,1960.9550704,1960.9550704,1960.9550704,1960.9550704,1960.9550704,1960.9550704,1960.9550704,1960.9550704,1960.9550704,1960.9550704,1960.9550704,1960.9550704,1960.9550704,1960.9550704,1960.9550704,1960.9550704,1960.9550704,1960.9550704,1960.9550704,1960.9550704,1960.9550704,1960.9550704,1960.9550704
8,5821.39522,5821.39522,4475.676488,2817.3403688000003,2817.3403688000003,2817.3403688000003,1453.4641196000002,1453.4641196000002,1453.4641196000002,1453.4641196000002,1453.4641196000002,1453.4641196000002,1453.4641196000002,1453.4641196000002,1453.4641196000002,1453.4641196000002,1453.4641196000002,1453.4641196000002,1453.4641196000002,1453.4641196000002,1453.4641196000002,1453.4641196000002,1453.4641196000002,1453.4641196000002,1453.4641196000002,1453.4641196000002,1453.4641196000002,1453.4641196000002,1453.4641196000002,1453.4641196000002,1453.4641196000002,1453.4641196000002,1453.4641196000002,1453.4641196000002,1453.4641196000002,1453.4641196000002,1453.4641196000002,1453.4641196000002,1453.4641196000002,1453.4641196000002,1453.4641196000002,1453.4641196000002,1453.4641196000002,1453.4641196000002,1453.4641196000002,1453.4641196000002,1453.4641196000002,1453.4641196000002,1453.4641196000002
9,7276.385700000002,7276.385700000002,4344.726764,4344.726764,4344.726764,4344.726764,4344.726764,4344.726764,4344.726764,2980.850513600001,2980.850513600001,2980.850513600001,2980.850513600001,2980.850513600001,2980.850513600001,2980.850513600001,2980.850513600001,2980.850513600001,2980.850513600001,2980.850513600001,2980.850513600001,2980.850513600001,2980.850513600001,2980.850513600001,2980.850513600001,2980.850513600001,2980.850513600001,2980.850513600001,2980.850513600001,2980.850513600001,2980.850513600001,2980.850513600001,2980.850513600001,2980.850513600001,2980.850513600001,2980.850513600001,2980.850513600001,2980.850513600001,2980.850513600001,2980.850513600001,2980.850513600001,2649.290790400001,2649.290790400001,2649.290790400001,2649.290790400001,2649.290790400001,2649.290790400001,2649.290790400001,2649.290790400001
10,4618.2990439999985,4618.2990439999985,4618.2990439999985,4618.2990439999985,2891.7919284,2891.7919284,2891.7919284,2891.7919284,2891.7919284,2891.7919284,2891.7919284,2891.7919284,2891.7919284,2891.7919284,1527.9156796000002,1527.9156796000002,1527.9156796000002,1527.9156796000002,1527.9156796000002,1527.9156796000002,1527.9156796000002,1527.9156796000002,1527.9156796000002,1527.9156796000002,1527.9156796000002,1527.9156796000002,1527.9156796000002,1527.9156796000002,1527.9156796000002,1527.9156796000002,1527.9156796000002,1527.9156796000002,1527.9156796000002,1527.9156796000002,1527.9156796000002,1527.9156796000002,1527.9156796000002,1527.9156796000002,1527.9156796000002,1527.9156796000002,1527.9156796000002,1527.9156796000002,1527.9156796000002,942.3397587999999,942.3397587999999,942.3397587999999,942.3397587999999,942.3397587999999,942.3397587999999
11,11231.308756,11231.308756,11231.308756,11231.308756,11231.308756,9867.432508,9867.432508,9867.432508,9867.432508,9867.432508,9867.432508,9867.432508,9867.432508,9867.432508,9867.432508,9867.432508,9867.432508,5919.055980000001,5919.055980000001,5919.055980000001,5919.055980000001,5919.055980000001,5919.055980000001,5919.055980000001,5919.055980000001,5919.055980000001,5919.055980000001,5919.055980000001,5919.055980000001,5167.335032,5167.335032,5167.335032,5167.335032,5167.335032,5167.335032,5167.335032,5167.335032,5167.335032,5167.335032,5167.335032,5167.335032,5167.335032,5167.335032,5167.335032,5167.335032,5167.335032,5167.335032,5167.335032,5167.335032
12,6949.908936,6949.908936,6949.908936,6949.908936,6949.908936,3655.0915535999998,3655.0915535999998,3655.0915535999998,3655.0915535999998,3655.0915535999998,3655.0915535999998,3655.0915535999998,3655.0915535999998,3655.0915535999998,3655.0915535999998,3655.0915535999998,3655.0915535999998,3655.0915535999998,3655.0915535999998,2291.2153044,2291.2153044,2291.2153044,2162.6234012,2162.6234012,2162.6234012,2162.6234012,2162.6234012,2162.6234012,2162.6234012,2162.6234012,2162.6234012,2162.6234012,2162.6234012,2162.6234012,2162.6234012,2162.6234012,2162.6234012,2162.6234012,2162.6234012,2162.6234012,2162.6234012,2162.6234012,2162.6234012,2162.6234012,2162.6234012,2162.6234012,2162.6234012,2162.6234012,2162.6234012
13,2937.023302400001,2937.023302400001,2937.023302400001,2937.023302400001,2937.023302400001,2937.023302400001,2937.023302400001,2937.023302400001,2937.023302400001,2937.023302400001,2937.023302400001,2937.023302400001,2937.023302400001,2937.023302400001,2937.023302400001,2937.023302400001,2937.023302400001,2937.023302400001,2937.023302400001,2937.023302400001,2937.023302400001,2937.023302400001,2937.023302400001,2937.023302400001,2937.023302400001,2937.023302400001,2937.023302400001,2937.023302400001,1889.0036616,1889.0036616,1889.0036616,1355.0927948,1355.0927948,1355.0927948,1355.0927948,1355.0927948,1355.0927948,1355.0927948,1355.0927948,1355.0927948,1355.0927948,1355.0927948,1355.0927948,1355.0927948,1355.0927948,1355.0927948,1355.0927948,1355.0927948,1355.0927948
14,6909.425724,6909.425724,6909.425724,6909.425724,6909.425724,6909.425724,6909.425724,6909.425724,6909.425724,6909.425724,6909.425724,6909.425724,6909.425724,6909.425724,6909.425724,6909.425724,5545.549476,5545.549476,5545.549476,5545.549476,5545.549476,5545.549476,5545.549476,5545.549476,3683.8762816,3683.8762816,3683.8762816,3683.8762816,3683.8762816,3683.8762816,3683.8762816,3683.8762816,3683.8762816,3683.8762816,3683.8762816,3683.8762816,3683.8762816,3683.8762816,3683.8762816,3683.8762816,3683.8762816,3683.8762816,3683.8762816,3683.8762816,3683.8762816,3683.8762816,3683.8762816,3683.8762816,3683.8762816
15,4737.685156000001,4737.685156000001,4737.685156000001,4737.685156000001,4737.685156000001,4737.685156000001,4737.685156000001,3373.8089068000004,3373.8089068000004,3373.8089068000004,3373.8089068000004,3373.8089068000004,3373.8089068000004,3373.8089068000004,3373.8089068000004,3373.8089068000004,3373.8089068000004,3373.8089068000004,3373.8089068000004,3373.8089068000004,3373.8089068000004,3373.8089068000004,3373.8089068000004,3373.8089068000004,3373.8089068000004,3373.8089068000004,3373.8089068000004,3373.8089068000004,3373.8089068000004,3373.8089068000004,3373.8089068000004,3373.8089068000004,3373.8089068000004,3373.8089068000004,3202.102296400001,1534.1862380000002,1534.1862380000002,1534.1862380000002,1534.1862380000002,1534.1862380000002,1534.1862380000002,1534.1862380000002,1534.1862380000002,1534.1862380000002,1534.1862380000002,1534.1862380000002,1534.1862380000002,1534.1862380000002,1534.1862380000002
16,4998.202892,4998.202892,4998.202892,4998.202892,4998.202892,4998.202892,4998.202892,4998.202892,4998.202892,2955.2522508,2955.2522508,2955.2522508,2955.2522508,2955.2522508,2955.2522508,2955.2522508,2955.2522508,2955.2522508,2955.2522508,2955.2522508,2955.2522508,2955.2522508,2955.2522508,1591.3760015999999,1591.3760015999999,1591.3760015999999,1591.3760015999999,1591.3760015999999,1591.3760015999999,1591.3760015999999,1591.3760015999999,1591.3760015999999,1591.3760015999999,1591.3760015999999,1591.3760015999999,1390.5638088,1390.5638088,1390.5638088,1390.5638088,1390.5638088,1390.5638088,1390.5638088,1390.5638088,1390.5638088,1390.5638088,1390.5638088,1390.5638088,1390.5638088,1390.5638088
17,1599.8360168000004,1599.8360168000004,1599.8360168000004,1599.8360168000004,1599.8360168000004,1599.8360168000004,1599.8360168000004,1417.8191112000004,1417.8191112000004,1417.8191112000004,1417.8191112000004,1417.8191112000004,1417.8191112000004,1417.8191112000004,1417.8191112000004,1483.88346,1483.88346,1483.88346,1483.88346,1483.88346,1483.88346,1483.88346,1483.88346,1483.88346,1483.88346,1483.88346,529.1700856000001,529.1700856000001,529.1700856000001,529.1700856000001,529.1700856000001,529.1700856000001,529.1700856000001,529.1700856000001,529.1700856000001,529.1700856000001,529.1700856000001,529.1700856000001,529.1700856000001,529.1700856000001,529.1700856000001,529.1700856000001,529.1700856000001,529.1700856000001,529.1700856000001,529.1700856000001,529.1700856000001,529.1700856000001,529.1700856000001
18,3305.039476000001,2986.0576276,2986.0576276,2986.0576276,2986.0576276,2986.0576276,2986.0576276,2986.0576276,2986.0576276,2986.0576276,2986.0576276,2986.0576276,2986.0576276,2986.0576276,2986.0576276,2986.0576276,2986.0576276,2986.0576276,2986.0576276,2986.0576276,2986.0576276,2986.0576276,2986.0576276,2986.0576276,2986.0576276,2986.0576276,2986.0576276,2986.0576276,2986.0576276,2986.0576276,2986.0576276,2986.0576276,2986.0576276,2986.0576276,2986.0576276,2986.0576276,1937.992162,1937.992162,1937.992162,1937.992162,1937.992162,1937.992162,1937.992162,1937.992162,1937.992162,1937.992162,1937.992162,1937.992162,1937.992162
19,5422.104144000001,5422.104144000001,4058.227896,4058.227896,4058.227896,4058.227896,4058.227896,4058.227896,4058.227896,4058.227896,3153.9816788000007,3153.9816788000007,3153.9816788000007,3153.9816788000007,3153.9816788000007,3153.9816788000007,3153.9816788000007,3153.9816788000007,3153.9816788000007,1006.9853619999999,1006.9853619999999,1006.9853619999999,1006.9853619999999,1006.9853619999999,1006.9853619999999,1006.9853619999999,1006.9853619999999,1006.9853619999999,1006.9853619999999,1006.9853619999999,1006.9853619999999,1006.9853619999999,1006.9853619999999,1006.9853619999999,1006.9853619999999,1006.9853619999999,1006.9853619999999,1006.9853619999999,1006.9853619999999,1006.9853619999999,1006.9853619999999,1006.9853619999999,1006.9853619999999,1006.9853619999999,1006.9853619999999,1006.9853619999999,1006.9853619999999,1006.9853619999999,1006.9853619999999
20,9053.146328,3957.2905020000003,3957.2905020000003,2593.4142528,2593.4142528,2593.4142528,2593.4142528,2593.4142528,2593.4142528,2593.4142528,2593.4142528,2593.4142528,2593.4142528,2593.4142528,2593.4142528,2593.4142528,2593.4142528,2593.4142528,2593.4142528,2593.4142528,2593.4142528,2593.4142528,2593.4142528,2593.4142528,2593.4142528,2593.4142528,2593.4142528,2593.4142528,1856.0277732000002,1856.0277732000002,1856.0277732000002,1856.0277732000002,1856.0277732000002,1856.0277732000002,1856.0277732000002,1856.0277732000002,1856.0277732000002,1856.0277732000002,1856.0277732000002,1856.0277732000002,1856.0277732000002,1856.0277732000002,1856.0277732000002,1856.0277732000002,1856.0277732000002,1856.0277732000002,1856.0277732000002,1856.0277732000002,1856.0277732000002
21,2686.9230516000007,2686.9230516000007,2686.9230516000007,2686.9230516000007,2400.4422708,2400.4422708,1036.5660216,1036.5660216,1036.5660216,1036.5660216,197.09121519999997,197.09121519999997,197.09121519999997,197.09121519999997,197.09121519999997,197.09121519999997,197.09121519999997,197.09121519999997,197.09121519999997,197.09121519999997,197.09121519999997,197.09121519999997,197.09121519999997,197.09121519999997,197.09121519999997,197.09121519999997,197.09121519999997,197.09121519999997,197.09121519999997,197.09121519999997,197.09121519999997,197.09121519999997,197.09121519999997,197.09121519999997,197.09121519999997,197.09121519999997,197.09121519999997,197.09121519999997,197.09121519999997,197.09121519999997,197.09121519999997,197.09121519999997,197.09121519999997,197.09121519999997,197.09121519999997,197.09121519999997,197.09121519999997,197.09121519999997,197.09121519999997
22,3866.4915232,3866.4915232,3866.4915232,3866.4915232,3866.4915232,3866.4915232,3598.178528000001,3598.178528000001,3598.178528000001,3598.178528000001,3598.178528000001,3598.178528000001,3598.178528000001,3598.178528000001,3598.178528000001,3598.178528000001,3598.178528000001,3598.178528000001,3598.178528000001,3598.178528000001,3598.178528000001,2234.3022788000003,2234.3022788000003,2234.3022788000003,2234.3022788000003,2234.3022788000003,2234.3022788000003,2234.3022788000003,2234.3022788000003,2234.3022788000003,2234.3022788000003,2234.3022788000003,2234.3022788000003,2234.3022788000003,2234.3022788000003,2234.3022788000003,2234.3022788000003,723.1439768000001,723.1439768000001,723.1439768000001,723.1439768000001,723.1439768000001,723.1439768000001,723.1439768000001,723.1439768000001,723.1439768000001,723.1439768000001,723.1439768000001,723.1439768000001
23,4852.649432,4852.649432,4852.649432,4127.7234720000015,4127.7234720000015,4127.7234720000015,4127.7234720000015,4127.7234720000015,4127.7234720000015,4127.7234720000015,4127.7234720000015,4127.7234720000015,4127.7234720000015,4127.7234720000015,4127.7234720000015,4127.7234720000015,2442.306856800001,2442.306856800001,2442.306856800001,2442.306856800001,2442.306856800001,2442.306856800001,2442.306856800001,2442.306856800001,2442.306856800001,1078.4306076,1078.4306076,1078.4306076,1078.4306076,1078.4306076,1078.4306076,1078.4306076,1078.4306076,1078.4306076,1078.4306076,1078.4306076,1078.4306076,1078.4306076,1078.4306076,1078.4306076,1078.4306076,1078.4306076,1078.4306076,1078.4306076,1078.4306076,1078.4306076,1078.4306076,1078.4306076,1078.4306076
24,5597.632460000002,5597.632460000002,5597.632460000002,5597.632460000002,4233.756208000002,4233.756208000002,4233.756208000002,4233.756208000002,4233.756208000002,4233.756208000002,4233.756208000002,4233.756208000002,4233.756208000002,4233.756208000002,4233.756208000002,4233.756208000002,4233.756208000002,4233.756208000002,4233.756208000002,4233.756208000002,4233.756208000002,4233.756208000002,4233.756208000002,4233.756208000002,4233.756208000002,4233.756208000002,4233.756208000002,4233.756208000002,4233.756208000002,1917.0183484,1917.0183484,1917.0183484,1917.0183484,1917.0183484,1917.0183484,1917.0183484,1917.0183484,1917.0183484,1917.0183484,1917.0183484,1917.0183484,1917.0183484,1593.1272012000004,1593.1272012000004,1593.1272012000004,1593.1272012000004,1593.1272012000004,1593.1272012000004,1593.1272012000004
25,10678.842128,10678.842128,10678.842128,10678.842128,10678.842128,9314.965880000002,9314.965880000002,9314.965880000002,9314.965880000002,9314.965880000002,9314.965880000002,9314.965880000002,9314.965880000002,9314.965880000002,9314.965880000002,9314.965880000002,9314.965880000002,9314.965880000002,9314.965880000002,9314.965880000002,9314.965880000002,9314.965880000002,9314.965880000002,9314.965880000002,9314.965880000002,9314.965880000002,8781.995547999999,8781.995547999999,8781.995547999999,8781.995547999999,8781.995547999999,8781.995547999999,8781.995547999999,8781.995547999999,8781.995547999999,3866.8641272,3866.8641272,3866.8641272,3866.8641272,3866.8641272,3866.8641272,3866.8641272,3866.8641272,3866.8641272,3866.8641272,3866.8641272,3866.8641272,3866.8641272,3866.8641272
26,4533.296184000001,4533.296184000001,4533.296184000001,4533.296184000001,4533.296184000001,4533.296184000001,4533.296184000001,4533.296184000001,4533.296184000001,4533.296184000001,4533.296184000001,4533.296184000001,4533.296184000001,4533.296184000001,4533.296184000001,4533.296184000001,4533.296184000001,4533.296184000001,4533.296184000001,3924.7022324,3924.7022324,3924.7022324,3924.7022324,2560.825983200001,2560.825983200001,2560.825983200001,2560.825983200001,2560.825983200001,2560.825983200001,2560.825983200001,2560.825983200001,2560.825983200001,2560.825983200001,2560.825983200001,1158.3988284000004,1158.3988284000004,1158.3988284000004,1158.3988284000004,1158.3988284000004,1158.3988284000004,1158.3988284000004,1158.3988284000004,1158.3988284000004,1158.3988284000004,1158.3988284000004,1158.3988284000004,1158.3988284000004,1158.3988284000004,1158.3988284000004
27,5344.156940000002,5344.156940000002,3980.2806896,3980.2806896,3980.2806896,3980.2806896,1927.5750480000006,1927.5750480000006,1927.5750480000006,1927.5750480000006,1927.5750480000006,1927.5750480000006,1927.5750480000006,1927.5750480000006,1927.5750480000006,895.9950316000002,895.9950316000002,895.9950316000002,895.9950316000002,895.9950316000002,895.9950316000002,895.9950316000002,895.9950316000002,895.9950316000002,895.9950316000002,895.9950316000002,895.9950316000002,895.9950316000002,895.9950316000002,895.9950316000002,895.9950316000002,895.9950316000002,895.9950316000002,895.9950316000002,895.9950316000002,895.9950316000002,895.9950316000002,895.9950316000002,895.9950316000002,895.9950316000002,895.9950316000002,895.9950316000002,895.9950316000002,895.9950316000002,895.9950316000002,895.9950316000002,895.9950316000002,895.9950316000002,895.9950316000002
28,3930.1307596,2566.2545104,2566.2545104,2566.2545104,2566.2545104,2566.2545104,2566.2545104,2566.2545104,2566.2545104,2566.2545104,2566.2545104,2566.2545104,2566.2545104,2566.2545104,2566.2545104,1074.5482092,1074.5482092,1074.5482092,1074.5482092,1074.5482092,1074.5482092,1074.5482092,1074.5482092,1074.5482092,1074.5482092,1074.5482092,1074.5482092,1074.5482092,1074.5482092,1074.5482092,1074.5482092,1074.5482092,1074.5482092,1074.5482092,1074.5482092,1074.5482092,1074.5482092,1074.5482092,1074.5482092,1074.5482092,1074.5482092,1074.5482092,919.3451448,919.3451448,919.3451448,919.3451448,919.3451448,919.3451448,919.3451448
29,3592.8159368,3592.8159368,3592.8159368,3592.8159368,3592.8159368,3592.8159368,3592.8159368,3592.8159368,3592.8159368,3592.8159368,3592.8159368,3592.8159368,3592.8159368,3592.8159368,3592.8159368,3592.8159368,3436.3398255999996,3436.3398255999996,3436.3398255999996,3436.3398255999996,3436.3398255999996,3436.3398255999996,3436.3398255999996,3436.3398255999996,3436.3398255999996,3436.3398255999996,3436.3398255999996,3436.3398255999996,3436.3398255999996,3436.3398255999996,3436.3398255999996,3436.3398255999996,3436.3398255999996,3436.3398255999996,3436.3398255999996,3436.3398255999996,1542.0500124000002,1542.0500124000002,1542.0500124000002,1542.0500124000002,1542.0500124000002,1542.0500124000002,1542.0500124000002,1542.0500124000002,1542.0500124000002,1542.0500124000002,1542.0500124000002,1542.0500124000002,1542.0500124000002
30,5236.033332,5236.033332,5236.033332,5236.033332,5236.033332,5236.033332,3872.157084,3872.157084,3872.157084,3231.3426584000003,3231.3426584000003,3231.3426584000003,3231.3426584000003,3231.3426584000003,3231.3426584000003,3231.3426584000003,3231.3426584000003,3231.3426584000003,1065.3972828,1065.3972828,1065.3972828,1065.3972828,1065.3972828,1065.3972828,1065.3972828,1065.3972828,1065.3972828,1065.3972828,1065.3972828,1065.3972828,1065.3972828,1065.3972828,1065.3972828,1065.3972828,1065.3972828,1065.3972828,1065.3972828,1065.3972828,1065.3972828,1065.3972828,1065.3972828,1065.3972828,1065.3972828,1065.3972828,1065.3972828,1065.3972828,1065.3972828,1065.3972828,1065.3972828
31,5303.662604,5303.662604,5303.662604,5303.662604,5303.662604,5303.662604,5303.662604,5303.662604,5303.662604,5303.662604,5303.662604,5303.662604,5303.662604,5303.662604,5303.662604,5303.662604,5303.662604,3939.7863556,3939.7863556,3939.7863556,3939.7863556,3939.7863556,3939.7863556,3939.7863556,3939.7863556,3939.7863556,3939.7863556,3939.7863556,3939.7863556,3939.7863556,3939.7863556,3939.7863556,3939.7863556,3939.7863556,3939.7863556,3939.7863556,3939.7863556,3939.7863556,3939.7863556,2141.9048188,2141.9048188,2141.9048188,2141.9048188,2141.9048188,2141.9048188,2141.9048188,2141.9048188,2141.9048188,2141.9048188
32,2227.232506,2227.232506,2227.232506,2227.232506,2227.232506,2227.232506,2227.232506,2227.232506,2227.232506,2227.232506,2227.232506,2227.232506,2227.232506,2227.232506,2227.232506,2227.232506,2227.232506,1860.1949244000002,1860.1949244000002,1860.1949244000002,1860.1949244000002,1860.1949244000002,1860.1949244000002,1395.5059176,1395.5059176,1395.5059176,1395.5059176,1395.5059176,1395.5059176,1395.5059176,1395.5059176,1395.5059176,1395.5059176,1395.5059176,1395.5059176,1395.5059176,1395.5059176,1395.5059176,1395.5059176,1395.5059176,1395.5059176,1395.5059176,1395.5059176,1395.5059176,1395.5059176,1395.5059176,1395.5059176,1395.5059176,1395.5059176
33,2397.025028,2397.025028,2397.025028,2397.025028,2397.025028,2397.025028,2397.025028,2397.025028,2397.025028,2397.025028,2397.025028,2397.025028,2397.025028,1255.9916008,1255.9916008,1255.9916008,1255.9916008,1255.9916008,1255.9916008,1255.9916008,1255.9916008,1255.9916008,1255.9916008,1255.9916008,1255.9916008,1255.9916008,1255.9916008,1255.9916008,1255.9916008,1255.9916008,1255.9916008,1255.9916008,1255.9916008,1255.9916008,1255.9916008,1255.9916008,1255.9916008,1255.9916008,1255.9916008,1255.9916008,1255.9916008,1255.9916008,967.5217296,967.5217296,967.5217296,967.5217296,967.5217296,967.5217296,967.5217296
34,4149.9207240000005,2786.044476400001,2786.044476400001,2786.044476400001,2786.044476400001,2786.044476400001,2786.044476400001,1233.8221188,1233.8221188,1233.8221188,1233.8221188,1233.8221188,1233.8221188,1233.8221188,1233.8221188,1233.8221188,1233.8221188,1233.8221188,1233.8221188,1233.8221188,1233.8221188,1233.8221188,1233.8221188,1233.8221188,1233.8221188,1233.8221188,1233.8221188,1233.8221188,1233.8221188,1233.8221188,1233.8221188,1233.8221188,1233.8221188,1233.8221188,908.3179996,908.3179996,908.3179996,908.3179996,908.3179996,908.3179996,908.3179996,908.3179996,908.3179996,908.3179996,908.3179996,908.3179996,908.3179996,908.3179996,908.3179996
35,4549.9272439999995,4549.9272439999995,4549.9272439999995,4549.9272439999995,4549.9272439999995,4549.9272439999995,3186.0509944000005,3186.0509944000005,3186.0509944000005,3186.0509944000005,3186.0509944000005,3186.0509944000005,3186.0509944000005,1393.9013332,1393.9013332,1393.9013332,1393.9013332,1393.9013332,1393.9013332,1393.9013332,1393.9013332,1393.9013332,1393.9013332,1393.9013332,1393.9013332,1121.8164356000002,1121.8164356000002,1121.8164356000002,1121.8164356000002,1121.8164356000002,1121.8164356000002,1121.8164356000002,1121.8164356000002,1121.8164356000002,1121.8164356000002,1121.8164356000002,1121.8164356000002,1121.8164356000002,1121.8164356000002,1121.8164356000002,1121.8164356000002,1121.8164356000002,1121.8164356000002,1121.8164356000002,1121.8164356000002,1121.8164356000002,1121.8164356000002,1121.8164356000002,1121.8164356000002
36,2704.9256395999996,2704.9256395999996,2704.9256395999996,2704.9256395999996,2704.9256395999996,2704.9256395999996,2704.9256395999996,2704.9256395999996,2704.9256395999996,2704.9256395999996,2704.9256395999996,2704.9256395999996,2704.9256395999996,2704.9256395999996,2704.9256395999996,2704.9256395999996,2704.9256395999996,2704.9256395999996,2704.9256395999996,2704.9256395999996,1995.7099900000005,1995.7099900000005,1995.7099900000005,1995.7099900000005,1995.7099900000005,1995.7099900000005,1995.7099900000005,1995.7099900000005,1644.2871335999998,1644.2871335999998,1644.2871335999998,1644.2871335999998,1644.2871335999998,1644.2871335999998,1644.2871335999998,1644.2871335999998,1644.2871335999998,1644.2871335999998,1644.2871335999998,1644.2871335999998,1644.2871335999998,1644.2871335999998,1644.2871335999998,1644.2871335999998,1644.2871335999998,1644.2871335999998,1644.2871335999998,1644.2871335999998,1644.2871335999998
37,5070.263336,5070.263336,5070.263336,5070.263336,5070.263336,5070.263336,5070.263336,5070.263336,5070.263336,5070.263336,5070.263336,5070.263336,5070.263336,5070.263336,5070.263336,5070.263336,5070.263336,3022.9652612000004,3022.9652612000004,3022.9652612000004,3022.9652612000004,3022.9652612000004,3022.9652612000004,3022.9652612000004,3022.9652612000004,3022.9652612000004,3022.9652612000004,3022.9652612000004,2405.758611200001,2405.758611200001,2405.758611200001,2405.758611200001,2405.758611200001,2405.758611200001,2405.758611200001,2405.758611200001,2405.758611200001,2405.758611200001,2405.758611200001,2405.758611200001,2405.758611200001,2405.758611200001,2405.758611200001,2405.758611200001,2405.758611200001,2405.758611200001,2405.758611200001,2405.758611200001,2405.758611200001
38,6092.830656000001,6092.830656000001,6092.830656000001,6092.830656000001,6092.830656000001,6092.830656000001,6092.830656000001,6092.830656000001,6092.830656000001,6092.830656000001,6092.830656000001,4728.954408000001,4728.954408000001,4470.2011520000015,4470.2011520000015,4470.2011520000015,4470.2011520000015,4470.2011520000015,4470.2011520000015,4470.2011520000015,4470.2011520000015,4470.2011520000015,4470.2011520000015,4470.2011520000015,2101.9664328,2101.9664328,2101.9664328,2101.9664328,2101.9664328,2101.9664328,2101.9664328,2101.9664328,2101.9664328,2101.9664328,2101.9664328,2101.9664328,2101.9664328,2101.9664328,2101.9664328,2101.9664328,2101.9664328,2101.9664328,2101.9664328,2101.9664328,2101.9664328,2101.9664328,2101.9664328,2101.9664328,2101.9664328
39,4456.866824000001,4456.866824000001,4023.9007159999996,4023.9007159999996,4023.9007159999996,4023.9007159999996,4023.9007159999996,4023.9007159999996,2408.3476148,2408.3476148,2408.3476148,2408.3476148,2408.3476148,2408.3476148,2408.3476148,2408.3476148,2408.3476148,2408.3476148,2408.3476148,2408.3476148,2408.3476148,2408.3476148,2408.3476148,2408.3476148,2408.3476148,2408.3476148,2408.3476148,2408.3476148,2408.3476148,2408.3476148,2408.3476148,2408.3476148,2408.3476148,2408.3476148,2408.3476148,2408.3476148,2408.3476148,2408.3476148,2408.3476148,2408.3476148,2408.3476148,2408.3476148,2408.3476148,2408.3476148,2408.3476148,2408.3476148,2408.3476148,2408.3476148,2408.3476148
1,3.004637078,3.004637078,3.004637078,3.004637078,3.004637078,3.004637078,2.8486781949999997,2.8486781949999997,2.8486781949999997,1.079048762,1.079048762,1.079048762,1.079048762,1.079048762,1.079048762,1.079048762,1.079048762,1.079048762,1.990138028,1.990138028,1.990138028,1.990138028,1.990138028,1.990138028,1.990138028,1.990138028,1.990138028,1.990138028,1.990138028,1.990138028,1.990138028,1.990138028,1.990138028,1.990138028,1.990138028,1.990138028,1.990138028,1.990138028,1.990138028,1.990138028,1.990138028,1.990138028,1.990138028,1.990138028,1.990138028,1.990138028,1.990138028,1.990138028,1.990138028
2,4.088039788,4.088039788,4.088039788,4.088039788,4.088039788,4.088039788,4.088039788,4.088039788,4.088039788,4.088039788,4.088039788,4.088039788,3.8194556840000016,3.8194556840000016,3.8194556840000016,3.8194556840000016,3.8194556840000016,3.8194556840000016,3.8194556840000016,2.04982625,2.04982625,2.04982625,2.04982625,2.04982625,2.04982625,2.04982625,2.04982625,3.0949646780000006,3.0949646780000006,3.0949646780000006,3.0949646780000006,3.0949646780000006,3.0949646780000006,3.0949646780000006,3.0949646780000006,3.0949646780000006,3.0949646780000006,3.0949646780000006,3.0949646780000006,3.0949646780000006,3.0949646780000006,3.0949646780000006,3.0949646780000006,3.0949646780000006,3.0949646780000006,3.0949646780000006,3.0949646780000006,3.0949646780000006,3.0949646780000006
3,1.9128240209999998,1.9128240209999998,1.9128240209999998,1.9128240209999998,1.9128240209999998,1.9128240209999998,1.9128240209999998,1.9128240209999998,1.9128240209999998,1.9128240209999998,1.9128240209999998,1.9128240209999998,1.9128240209999998,0.14319458730000006,0.14319458730000006,0.14319458730000006,0.14319458730000006,0.14319458730000006,0.14319458730000006,0.14319458730000006,0.14319458730000006,0.14319458730000006,0.14319458730000006,0.14319458730000006,0.14319458730000006,0.14319458730000006,0.14319458730000006,0.14319458730000006,0.14319458730000006,0.14319458730000006,0.14319458730000006,0.14319458730000006,0.14319458730000006,0.14319458730000006,0.14319458730000006,0.7586704862,0.7586704862,0.7586704862,0.7586704862,0.7586704862,0.7586704862,0.7586704862,0.5553036972,0.5553036972,0.5553036972,0.5553036972,0.5553036972,0.5553036972,0.5553036972
4,2.443923679,2.443923679,2.443923679,2.443923679,2.443923679,2.443923679,2.443923679,2.443923679,2.443923679,2.443923679,0.6742942459,0.6742942459,0.6742942459,0.5628135876,0.5628135876,0.5628135876,0.5628135876,0.5628135876,0.5628135876,0.5628135876,0.5628135876,0.5628135876,0.5628135876,0.5628135876,-0.21402382990000002,-0.21402382990000002,-0.21402382990000002,-0.21402382990000002,-0.21402382990000002,-0.21402382990000002,-0.21402382990000002,-0.21402382990000002,-0.21402382990000002,-0.21402382990000002,-0.21402382990000002,-0.21402382990000002,-0.21402382990000002,-0.21402382990000002,-0.21402382990000002,-0.21402382990000002,-0.21402382990000002,-0.21402382990000002,-0.21402382990000002,-0.21402382990000002,-0.21402382990000002,-0.21402382990000002,-0.21402382990000002,-0.21402382990000002,-0.21402382990000002
5,6.273324553,6.273324553,6.273324553,6.273324553,6.273324553,4.503695120000001,4.503695120000001,4.503695120000001,4.503695120000001,4.503695120000001,4.503695120000001,4.503695120000001,2.077116995,2.077116995,2.077116995,2.077116995,2.077116995,2.077116995,2.077116995,2.077116995,2.077116995,2.077116995,2.077116995,2.077116995,2.077116995,2.077116995,2.077116995,2.077116995,2.077116995,2.077116995,2.077116995,2.077116995,2.077116995,2.077116995,1.499745002,1.499745002,1.499745002,1.499745002,1.499745002,1.499745002,1.499745002,1.499745002,1.499745002,1.499745002,1.499745002,1.499745002,1.499745002,1.499745002,1.499745002
6,3.135604816,3.135604816,3.135604816,3.135604816,3.135604816,3.135604816,3.135604816,3.135604816,3.135604816,3.135604816,3.135604816,3.135604816,3.135604816,3.135604816,3.135604816,3.135604816,3.135604816,3.135604816,3.135604816,3.135604816,3.135604816,3.135604816,4.011111837,2.2414824039999997,2.2414824039999997,2.2414824039999997,2.2414824039999997,2.2414824039999997,2.2414824039999997,2.2414824039999997,2.2414824039999997,2.2414824039999997,2.2414824039999997,2.2414824039999997,2.2414824039999997,2.2414824039999997,2.2414824039999997,2.2414824039999997,2.2414824039999997,1.426540143,1.426540143,1.426540143,1.426540143,1.426540143,1.426540143,1.426540143,1.426540143,1.426540143,1.426540143
7,3.967900527,3.967900527,3.967900527,3.967900527,3.967900527,3.967900527,3.967900527,3.967900527,3.967900527,3.967900527,3.967900527,3.967900527,3.967900527,3.967900527,3.967900527,3.967900527,3.967900527,3.967900527,3.967900527,3.967900527,3.967900527,3.967900527,5.084632279,5.084632279,2.544339204,2.544339204,2.544339204,2.544339204,2.544339204,2.544339204,2.544339204,2.544339204,2.544339204,2.544339204,2.544339204,2.544339204,2.544339204,2.544339204,2.544339204,2.544339204,2.544339204,2.544339204,2.544339204,2.544339204,2.544339204,2.544339204,2.544339204,2.544339204,2.544339204
8,3.684766149,3.684766149,2.865411094,3.6554991279999998,3.6554991279999998,3.6554991279999998,1.885869695,1.885869695,1.885869695,1.885869695,1.885869695,1.885869695,1.885869695,1.885869695,1.885869695,1.885869695,1.885869695,1.885869695,1.885869695,1.885869695,1.885869695,1.885869695,1.885869695,1.885869695,1.885869695,1.885869695,1.885869695,1.885869695,1.885869695,1.885869695,1.885869695,1.885869695,1.885869695,1.885869695,1.885869695,1.885869695,1.885869695,1.885869695,1.885869695,1.885869695,1.885869695,1.885869695,1.885869695,1.885869695,1.885869695,1.885869695,1.885869695,1.885869695,1.885869695
9,4.254362056,4.254362056,5.6372829740000014,5.6372829740000014,5.6372829740000014,5.6372829740000014,5.6372829740000014,5.6372829740000014,5.6372829740000014,3.867653541,3.867653541,3.867653541,3.867653541,3.867653541,3.867653541,3.867653541,3.867653541,3.867653541,3.867653541,3.867653541,3.867653541,3.867653541,3.867653541,3.867653541,3.867653541,3.867653541,3.867653541,3.867653541,3.867653541,3.867653541,3.867653541,3.867653541,3.867653541,3.867653541,3.867653541,3.867653541,3.867653541,3.867653541,3.867653541,3.867653541,3.867653541,3.4374548,3.4374548,3.4374548,3.4374548,3.4374548,3.4374548,3.4374548,3.4374548
10,2.755817219,2.755817219,2.755817219,2.755817219,3.422933849,3.422933849,3.422933849,3.422933849,3.422933849,3.422933849,3.422933849,3.422933849,3.422933849,3.422933849,1.6533044159999999,1.6533044159999999,1.6533044159999999,1.6533044159999999,1.6533044159999999,1.6533044159999999,1.6533044159999999,1.6533044159999999,1.6533044159999999,1.6533044159999999,1.6533044159999999,1.6533044159999999,1.6533044159999999,1.6533044159999999,1.6533044159999999,1.6533044159999999,1.6533044159999999,1.6533044159999999,1.6533044159999999,1.6533044159999999,1.6533044159999999,1.6533044159999999,1.6533044159999999,1.6533044159999999,1.6533044159999999,1.6533044159999999,1.6533044159999999,1.6533044159999999,1.6533044159999999,0.9958365372000003,0.9958365372000003,0.9958365372000003,0.9958365372000003,0.9958365372000003,0.9958365372000003
11,6.385887181,6.385887181,6.385887181,6.385887181,6.385887181,4.616257747,4.616257747,4.616257747,4.616257747,4.616257747,4.616257747,4.616257747,4.616257747,4.616257747,4.616257747,4.616257747,4.616257747,6.550601737,6.550601737,6.550601737,6.550601737,6.550601737,6.550601737,6.550601737,6.550601737,6.550601737,6.550601737,6.550601737,6.550601737,5.715132338,5.715132338,5.715132338,5.715132338,5.715132338,5.715132338,5.715132338,5.715132338,5.715132338,5.715132338,5.715132338,5.715132338,5.715132338,5.715132338,5.715132338,5.715132338,5.715132338,5.715132338,5.715132338,5.715132338
12,3.9927896019999998,3.9927896019999998,3.9927896019999998,3.9927896019999998,3.9927896019999998,4.742481291,4.742481291,4.742481291,4.742481291,4.742481291,4.742481291,4.742481291,4.742481291,4.742481291,4.742481291,4.742481291,4.742481291,4.742481291,4.742481291,2.972851857,2.972851857,2.972851857,2.806003863,2.806003863,2.806003863,2.806003863,2.806003863,2.806003863,2.806003863,2.806003863,2.806003863,2.806003863,2.806003863,2.806003863,2.806003863,2.806003863,2.806003863,2.806003863,2.806003863,2.806003863,2.806003863,2.806003863,2.806003863,2.806003863,2.806003863,2.806003863,2.806003863,2.806003863,2.806003863
13,3.810787735,3.810787735,3.810787735,3.810787735,3.810787735,3.810787735,3.810787735,3.810787735,3.810787735,3.810787735,3.810787735,3.810787735,3.810787735,3.810787735,3.810787735,3.810787735,3.810787735,3.810787735,3.810787735,3.810787735,3.810787735,3.810787735,3.810787735,3.810787735,3.810787735,3.810787735,3.810787735,3.810787735,2.450982251000001,2.450982251000001,2.450982251000001,1.7582329010000002,1.7582329010000002,1.7582329010000002,1.7582329010000002,1.7582329010000002,1.7582329010000002,1.7582329010000002,1.7582329010000002,1.7582329010000002,1.7582329010000002,1.7582329010000002,1.7582329010000002,1.7582329010000002,1.7582329010000002,1.7582329010000002,1.7582329010000002,1.7582329010000002,1.7582329010000002
14,8.218841673,8.218841673,8.218841673,8.218841673,8.218841673,8.218841673,8.218841673,8.218841673,8.218841673,8.218841673,8.218841673,8.218841673,8.218841673,8.218841673,8.218841673,8.218841673,6.44921224,6.44921224,6.44921224,6.44921224,6.44921224,6.44921224,6.44921224,6.44921224,4.278320827000002,4.278320827000002,4.278320827000002,4.278320827000002,4.278320827000002,4.278320827000002,4.278320827000002,4.278320827000002,4.278320827000002,4.278320827000002,4.278320827000002,4.278320827000002,4.278320827000002,4.278320827000002,4.278320827000002,4.278320827000002,4.278320827000002,4.278320827000002,4.278320827000002,4.278320827000002,4.278320827000002,4.278320827000002,4.278320827000002,4.278320827000002,4.278320827000002
15,3.047602585,3.047602585,3.047602585,3.047602585,3.047602585,3.047602585,3.047602585,1.2779731509999999,1.2779731509999999,1.2779731509999999,1.2779731509999999,1.2779731509999999,1.2779731509999999,1.2779731509999999,1.2779731509999999,1.2779731509999999,1.2779731509999999,1.2779731509999999,1.2779731509999999,1.2779731509999999,1.2779731509999999,1.2779731509999999,1.2779731509999999,1.2779731509999999,1.2779731509999999,1.2779731509999999,1.2779731509999999,1.2779731509999999,1.2779731509999999,1.2779731509999999,1.2779731509999999,1.2779731509999999,1.2779731509999999,1.2779731509999999,1.1734060899999998,1.9906066439999999,1.9906066439999999,1.9906066439999999,1.9906066439999999,1.9906066439999999,1.9906066439999999,1.9906066439999999,1.9906066439999999,1.9906066439999999,1.9906066439999999,1.9906066439999999,1.9906066439999999,1.9906066439999999,1.9906066439999999
16,2.872816121000001,2.872816121000001,2.872816121000001,2.872816121000001,2.872816121000001,2.872816121000001,2.872816121000001,2.872816121000001,2.872816121000001,3.8344397949999998,3.8344397949999998,3.8344397949999998,3.8344397949999998,3.8344397949999998,3.8344397949999998,3.8344397949999998,3.8344397949999998,3.8344397949999998,3.8344397949999998,3.8344397949999998,3.8344397949999998,3.8344397949999998,3.8344397949999998,2.0648103620000002,2.0648103620000002,2.0648103620000002,2.0648103620000002,2.0648103620000002,2.0648103620000002,2.0648103620000002,2.0648103620000002,2.0648103620000002,2.0648103620000002,2.0648103620000002,2.0648103620000002,1.804256542,1.804256542,1.804256542,1.804256542,1.804256542,1.804256542,1.804256542,1.804256542,1.804256542,1.804256542,1.804256542,1.804256542,1.804256542,1.804256542
17,2.075787232,2.075787232,2.075787232,2.075787232,2.075787232,2.075787232,2.075787232,1.839620297,1.839620297,1.839620297,1.839620297,1.839620297,1.839620297,1.839620297,1.839620297,1.925338789,1.925338789,1.925338789,1.925338789,1.925338789,1.925338789,1.925338789,1.925338789,1.925338789,1.925338789,1.925338789,0.6865981861,0.6865981861,0.6865981861,0.6865981861,0.6865981861,0.6865981861,0.6865981861,0.6865981861,0.6865981861,0.6865981861,0.6865981861,0.6865981861,0.6865981861,0.6865981861,0.6865981861,0.6865981861,0.6865981861,0.6865981861,0.6865981861,0.6865981861,0.6865981861,0.6865981861,0.6865981861
18,1.961770405,1.789520207,1.789520207,1.789520207,1.789520207,1.789520207,1.789520207,1.789520207,1.789520207,1.789520207,1.789520207,1.789520207,1.789520207,1.789520207,1.789520207,1.789520207,1.789520207,1.789520207,1.789520207,1.789520207,1.789520207,1.789520207,1.789520207,1.789520207,1.789520207,1.789520207,1.789520207,1.789520207,1.789520207,1.789520207,1.789520207,1.789520207,1.789520207,1.789520207,1.789520207,1.789520207,2.31041543,2.31041543,2.31041543,2.31041543,2.31041543,2.31041543,2.31041543,2.31041543,2.31041543,2.31041543,2.31041543,2.31041543,2.31041543
19,3.145879955,3.145879955,1.376250522,1.376250522,1.376250522,1.376250522,1.376250522,1.376250522,1.376250522,1.376250522,0.8879575643,0.8879575643,0.8879575643,0.8879575643,0.8879575643,0.8879575643,0.8879575643,0.8879575643,0.8879575643,1.3065635070000001,1.3065635070000001,1.3065635070000001,1.3065635070000001,1.3065635070000001,1.3065635070000001,1.3065635070000001,1.3065635070000001,1.3065635070000001,1.3065635070000001,1.3065635070000001,1.3065635070000001,1.3065635070000001,1.3065635070000001,1.3065635070000001,1.3065635070000001,1.3065635070000001,1.3065635070000001,1.3065635070000001,1.3065635070000001,1.3065635070000001,1.3065635070000001,1.3065635070000001,1.3065635070000001,1.3065635070000001,1.3065635070000001,1.3065635070000001,1.3065635070000001,1.3065635070000001,1.3065635070000001
20,5.100720611,5.134584425999998,5.134584425999998,3.364954993,3.364954993,3.364954993,3.364954993,3.364954993,3.364954993,3.364954993,3.364954993,3.364954993,3.364954993,3.364954993,3.364954993,3.364954993,3.364954993,3.364954993,3.364954993,3.364954993,3.364954993,3.364954993,3.364954993,3.364954993,3.364954993,3.364954993,3.364954993,3.364954993,2.4081960359999997,2.4081960359999997,2.4081960359999997,2.4081960359999997,2.4081960359999997,2.4081960359999997,2.4081960359999997,2.4081960359999997,2.4081960359999997,2.4081960359999997,2.4081960359999997,2.4081960359999997,2.4081960359999997,2.4081960359999997,2.4081960359999997,2.4081960359999997,2.4081960359999997,2.4081960359999997,2.4081960359999997,2.4081960359999997,2.4081960359999997
21,3.4862826590000005,3.4862826590000005,3.4862826590000005,3.4862826590000005,3.114573846,3.114573846,1.3449444130000003,1.3449444130000003,1.3449444130000003,1.3449444130000003,0.2557258517,0.2557258517,0.2557258517,0.2557258517,0.2557258517,0.2557258517,0.2557258517,0.2557258517,0.2557258517,0.2557258517,0.2557258517,0.2557258517,0.2557258517,0.2557258517,0.2557258517,0.2557258517,0.2557258517,0.2557258517,0.2557258517,0.2557258517,0.2557258517,0.2557258517,0.2557258517,0.2557258517,0.2557258517,0.2557258517,0.2557258517,0.2557258517,0.2557258517,0.2557258517,0.2557258517,0.2557258517,0.2557258517,0.2557258517,0.2557258517,0.2557258517,0.2557258517,0.2557258517,0.2557258517
22,2.422890772,2.422890772,2.422890772,2.422890772,2.422890772,2.422890772,2.259339878,2.259339878,2.259339878,2.259339878,2.259339878,2.259339878,2.259339878,2.259339878,2.259339878,2.259339878,2.259339878,2.259339878,2.259339878,2.259339878,2.259339878,0.48971044450000006,0.48971044450000006,0.48971044450000006,0.48971044450000006,0.48971044450000006,0.48971044450000006,0.48971044450000006,0.48971044450000006,0.48971044450000006,0.48971044450000006,0.48971044450000006,0.48971044450000006,0.48971044450000006,0.48971044450000006,0.48971044450000006,0.48971044450000006,0.9382793098,0.9382793098,0.9382793098,0.9382793098,0.9382793098,0.9382793098,0.9382793098,0.9382793098,0.9382793098,0.9382793098,0.9382793098,0.9382793098
23,3.031736592,3.031736592,3.031736592,2.590371407,2.590371407,2.590371407,2.590371407,2.590371407,2.590371407,2.590371407,2.590371407,2.590371407,2.590371407,2.590371407,2.590371407,2.590371407,3.168893146,3.168893146,3.168893146,3.168893146,3.168893146,3.168893146,3.168893146,3.168893146,3.168893146,1.399263713,1.399263713,1.399263713,1.399263713,1.399263713,1.399263713,1.399263713,1.399263713,1.399263713,1.399263713,1.399263713,1.399263713,1.399263713,1.399263713,1.399263713,1.399263713,1.399263713,1.399263713,1.399263713,1.399263713,1.399263713,1.399263713,1.399263713,1.399263713
24,3.509489773,3.509489773,3.509489773,3.509489773,1.73986034,1.73986034,1.73986034,1.73986034,1.73986034,1.73986034,1.73986034,1.73986034,1.73986034,1.73986034,1.73986034,1.73986034,1.73986034,1.73986034,1.73986034,1.73986034,1.73986034,1.73986034,1.73986034,1.73986034,1.73986034,1.73986034,1.73986034,1.73986034,1.73986034,2.487331307,2.487331307,2.487331307,2.487331307,2.487331307,2.487331307,2.487331307,2.487331307,2.487331307,2.487331307,2.487331307,2.487331307,2.487331307,2.0670825440000007,2.0670825440000007,2.0670825440000007,2.0670825440000007,2.0670825440000007,2.0670825440000007,2.0670825440000007
25,6.585272614000001,6.585272614000001,6.585272614000001,6.585272614000001,6.585272614000001,4.815643181,4.815643181,4.815643181,4.815643181,4.815643181,4.815643181,4.815643181,4.815643181,4.815643181,4.815643181,4.815643181,4.815643181,4.815643181,4.815643181,4.815643181,4.815643181,4.815643181,4.815643181,4.815643181,4.815643181,4.815643181,4.495065015,4.495065015,4.495065015,4.495065015,4.495065015,4.495065015,4.495065015,4.495065015,4.495065015,5.017256205,5.017256205,5.017256205,5.017256205,5.017256205,5.017256205,5.017256205,5.017256205,5.017256205,5.017256205,5.017256205,5.017256205,5.017256205,5.017256205
26,2.8761872979999996,2.8761872979999996,2.8761872979999996,2.8761872979999996,2.8761872979999996,2.8761872979999996,2.8761872979999996,2.8761872979999996,2.8761872979999996,2.8761872979999996,2.8761872979999996,2.8761872979999996,2.8761872979999996,2.8761872979999996,2.8761872979999996,2.8761872979999996,2.8761872979999996,2.8761872979999996,2.8761872979999996,2.5055316079999996,2.5055316079999996,2.5055316079999996,2.5055316079999996,0.7359021748,0.7359021748,0.7359021748,0.7359021748,0.7359021748,0.7359021748,0.7359021748,0.7359021748,0.7359021748,0.7359021748,0.7359021748,1.50302248,1.50302248,1.50302248,1.50302248,1.50302248,1.50302248,1.50302248,1.50302248,1.50302248,1.50302248,1.50302248,1.50302248,1.50302248,1.50302248,1.50302248
27,3.385656112,3.385656112,1.6160266789999995,1.6160266789999995,1.6160266789999995,1.6160266789999995,2.501028625,2.501028625,2.501028625,2.501028625,2.501028625,2.501028625,2.501028625,2.501028625,2.501028625,1.1625535539999996,1.1625535539999996,1.1625535539999996,1.1625535539999996,1.1625535539999996,1.1625535539999996,1.1625535539999996,1.1625535539999996,1.1625535539999996,1.1625535539999996,1.1625535539999996,1.1625535539999996,1.1625535539999996,1.1625535539999996,1.1625535539999996,1.1625535539999996,1.1625535539999996,1.1625535539999996,1.1625535539999996,1.1625535539999996,1.1625535539999996,1.1625535539999996,1.1625535539999996,1.1625535539999996,1.1625535539999996,1.1625535539999996,1.1625535539999996,1.1625535539999996,1.1625535539999996,1.1625535539999996,1.1625535539999996,1.1625535539999996,1.1625535539999996,1.1625535539999996
28,2.5056161710000002,0.7359867377,0.7359867377,0.7359867377,0.7359867377,0.7359867377,0.7359867377,0.7359867377,0.7359867377,0.7359867377,0.7359867377,0.7359867377,0.7359867377,0.7359867377,0.7359867377,1.394226301,1.394226301,1.394226301,1.394226301,1.394226301,1.394226301,1.394226301,1.394226301,1.394226301,1.394226301,1.394226301,1.394226301,1.394226301,1.394226301,1.394226301,1.394226301,1.394226301,1.394226301,1.394226301,1.394226301,1.394226301,1.394226301,1.394226301,1.394226301,1.394226301,1.394226301,1.394226301,1.1928503250000002,1.1928503250000002,1.1928503250000002,1.1928503250000002,1.1928503250000002,1.1928503250000002,1.1928503250000002
29,1.114776492,1.114776492,1.114776492,1.114776492,1.114776492,1.114776492,1.114776492,1.114776492,1.114776492,1.114776492,1.114776492,1.114776492,1.114776492,1.114776492,1.114776492,1.114776492,1.030279392,1.030279392,1.030279392,1.030279392,1.030279392,1.030279392,1.030279392,1.030279392,1.030279392,1.030279392,1.030279392,1.030279392,1.030279392,1.030279392,1.030279392,1.030279392,1.030279392,1.030279392,1.030279392,1.030279392,1.7299657709999998,1.7299657709999998,1.7299657709999998,1.7299657709999998,1.7299657709999998,1.7299657709999998,1.7299657709999998,1.7299657709999998,1.7299657709999998,1.7299657709999998,1.7299657709999998,1.7299657709999998,1.7299657709999998
30,3.2219421269999997,3.2219421269999997,3.2219421269999997,3.2219421269999997,3.2219421269999997,3.2219421269999997,1.452312693,1.452312693,1.452312693,1.069184802,1.069184802,1.069184802,1.069184802,1.069184802,1.069184802,1.069184802,1.069184802,1.069184802,1.382352974,1.382352974,1.382352974,1.382352974,1.382352974,1.382352974,1.382352974,1.382352974,1.382352974,1.382352974,1.382352974,1.382352974,1.382352974,1.382352974,1.382352974,1.382352974,1.382352974,1.382352974,1.382352974,1.382352974,1.382352974,1.382352974,1.382352974,1.382352974,1.382352974,1.382352974,1.382352974,1.382352974,1.382352974,1.382352974,1.382352974
31,3.3186984980000003,3.3186984980000003,3.3186984980000003,3.3186984980000003,3.3186984980000003,3.3186984980000003,3.3186984980000003,3.3186984980000003,3.3186984980000003,3.3186984980000003,3.3186984980000003,3.3186984980000003,3.3186984980000003,3.3186984980000003,3.3186984980000003,3.3186984980000003,3.3186984980000003,1.5490690649999999,1.5490690649999999,1.5490690649999999,1.5490690649999999,1.5490690649999999,1.5490690649999999,1.5490690649999999,1.5490690649999999,1.5490690649999999,1.5490690649999999,1.5490690649999999,1.5490690649999999,1.5490690649999999,1.5490690649999999,1.5490690649999999,1.5490690649999999,1.5490690649999999,1.5490690649999999,1.5490690649999999,1.5490690649999999,1.5490690649999999,1.5490690649999999,0.4544674655,0.4544674655,0.4544674655,0.4544674655,0.4544674655,0.4544674655,0.4544674655,0.4544674655,0.4544674655,0.4544674655
32,2.889834176000001,2.889834176000001,2.889834176000001,2.889834176000001,2.889834176000001,2.889834176000001,2.889834176000001,2.889834176000001,2.889834176000001,2.889834176000001,2.889834176000001,2.889834176000001,2.889834176000001,2.889834176000001,2.889834176000001,2.889834176000001,2.889834176000001,2.413602915,2.413602915,2.413602915,2.413602915,2.413602915,2.413602915,1.8106689280000001,1.8106689280000001,1.8106689280000001,1.8106689280000001,1.8106689280000001,1.8106689280000001,1.8106689280000001,1.8106689280000001,1.8106689280000001,1.8106689280000001,1.8106689280000001,1.8106689280000001,1.8106689280000001,1.8106689280000001,1.8106689280000001,1.8106689280000001,1.8106689280000001,1.8106689280000001,1.8106689280000001,1.8106689280000001,1.8106689280000001,1.8106689280000001,1.8106689280000001,1.8106689280000001,1.8106689280000001,1.8106689280000001
33,1.402480405,1.402480405,1.402480405,1.402480405,1.402480405,1.402480405,1.402480405,1.402480405,1.402480405,1.402480405,1.402480405,1.402480405,1.402480405,1.6296491020000001,1.6296491020000001,1.6296491020000001,1.6296491020000001,1.6296491020000001,1.6296491020000001,1.6296491020000001,1.6296491020000001,1.6296491020000001,1.6296491020000001,1.6296491020000001,1.6296491020000001,1.6296491020000001,1.6296491020000001,1.6296491020000001,1.6296491020000001,1.6296491020000001,1.6296491020000001,1.6296491020000001,1.6296491020000001,1.6296491020000001,1.6296491020000001,1.6296491020000001,1.6296491020000001,1.6296491020000001,1.6296491020000001,1.6296491020000001,1.6296491020000001,1.6296491020000001,1.255359444,1.255359444,1.255359444,1.255359444,1.255359444,1.255359444,1.255359444
34,2.633402179,0.8637727461000002,0.8637727461000002,0.8637727461000002,0.8637727461000002,0.8637727461000002,0.8637727461000002,1.600884199,1.600884199,1.600884199,1.600884199,1.600884199,1.600884199,1.600884199,1.600884199,1.600884199,1.600884199,1.600884199,1.600884199,1.600884199,1.600884199,1.600884199,1.600884199,1.600884199,1.600884199,1.600884199,1.600884199,1.600884199,1.600884199,1.600884199,1.600884199,1.600884199,1.600884199,1.600884199,1.178542604,1.178542604,1.178542604,1.178542604,1.178542604,1.178542604,1.178542604,1.178542604,1.178542604,1.178542604,1.178542604,1.178542604,1.178542604,1.178542604,1.178542604
35,2.8589325309999998,2.8589325309999998,2.8589325309999998,2.8589325309999998,2.8589325309999998,2.8589325309999998,1.089303097,1.089303097,1.089303097,1.089303097,1.089303097,1.089303097,1.089303097,1.80858698,1.80858698,1.80858698,1.80858698,1.80858698,1.80858698,1.80858698,1.80858698,1.80858698,1.80858698,1.80858698,1.80858698,1.455556825,1.455556825,1.455556825,1.455556825,1.455556825,1.455556825,1.455556825,1.455556825,1.455556825,1.455556825,1.455556825,1.455556825,1.455556825,1.455556825,1.455556825,1.455556825,1.455556825,1.455556825,1.455556825,1.455556825,1.455556825,1.455556825,1.455556825,1.455556825
36,3.5096410170000008,3.5096410170000008,3.5096410170000008,3.5096410170000008,3.5096410170000008,3.5096410170000008,3.5096410170000008,3.5096410170000008,3.5096410170000008,3.5096410170000008,3.5096410170000008,3.5096410170000008,3.5096410170000008,3.5096410170000008,3.5096410170000008,3.5096410170000008,3.5096410170000008,3.5096410170000008,3.5096410170000008,3.5096410170000008,2.589433712,2.589433712,2.589433712,2.589433712,2.589433712,2.589433712,2.589433712,2.589433712,2.133462556,2.133462556,2.133462556,2.133462556,2.133462556,2.133462556,2.133462556,2.133462556,2.133462556,2.133462556,2.133462556,2.133462556,2.133462556,2.133462556,2.133462556,2.133462556,2.133462556,2.133462556,2.133462556,2.133462556,2.133462556
37,3.235707818,3.235707818,3.235707818,3.235707818,3.235707818,3.235707818,3.235707818,3.235707818,3.235707818,3.235707818,3.235707818,3.235707818,3.235707818,3.235707818,3.235707818,3.235707818,3.235707818,3.922297426,3.922297426,3.922297426,3.922297426,3.922297426,3.922297426,3.922297426,3.922297426,3.922297426,3.922297426,3.922297426,3.121471798,3.121471798,3.121471798,3.121471798,3.121471798,3.121471798,3.121471798,3.121471798,3.121471798,3.121471798,3.121471798,3.121471798,3.121471798,3.121471798,3.121471798,3.121471798,3.121471798,3.121471798,3.121471798,3.121471798,3.121471798
38,3.558523193,3.558523193,3.558523193,3.558523193,3.558523193,3.558523193,3.558523193,3.558523193,3.558523193,3.558523193,3.558523193,1.7888937600000003,1.7888937600000003,1.649167002,1.649167002,1.649167002,1.649167002,1.649167002,1.649167002,1.649167002,1.649167002,1.649167002,1.649167002,1.649167002,2.727301447,2.727301447,2.727301447,2.727301447,2.727301447,2.727301447,2.727301447,2.727301447,2.727301447,2.727301447,2.727301447,2.727301447,2.727301447,2.727301447,2.727301447,2.727301447,2.727301447,2.727301447,2.727301447,2.727301447,2.727301447,2.727301447,2.727301447,2.727301447,2.727301447
39,2.679097146,2.679097146,2.445295448,2.445295448,2.445295448,2.445295448,2.445295448,2.445295448,3.1248310300000006,3.1248310300000006,3.1248310300000006,3.1248310300000006,3.1248310300000006,3.1248310300000006,3.1248310300000006,3.1248310300000006,3.1248310300000006,3.1248310300000006,3.1248310300000006,3.1248310300000006,3.1248310300000006,3.1248310300000006,3.1248310300000006,3.1248310300000006,3.1248310300000006,3.1248310300000006,3.1248310300000006,3.1248310300000006,3.1248310300000006,3.1248310300000006,3.1248310300000006,3.1248310300000006,3.1248310300000006,3.1248310300000006,3.1248310300000006,3.1248310300000006,3.1248310300000006,3.1248310300000006,3.1248310300000006,3.1248310300000006,3.1248310300000006,3.1248310300000006,3.1248310300000006,3.1248310300000006,3.1248310300000006,3.1248310300000006,3.1248310300000006,3.1248310300000006,3.1248310300000006
